programyear,reporttype,ceid,cename,typeofagency,typeoforg,esc,tdaregion,cecounty,sitecount,covidmealsitecount,regularmealsitecount,claimdate,breakfastmealsreimbursed,amsnackmealsreimbursed,lunchmealsreimbursed,pmsnackmealsreimbursed,suppermealsreimbursed,breakfastreimbursement,amsnackreimbursement,lunchreimbursement,pmsnackreimbursement,supperreimbursement,adminreimbursement,totalreimbursement,countydistrictcode
2021-2022,SUMMERSFSPCEREIMBURSEMENTS,05920,UNIQUE PIECES INC.,Private Non Profit Organization,Private Nonprofit,10,2,DALLAS,7,0,7,2022-05-01T00:00:00.000,0,0,271,271,0,0.0,0.0,1119.23,260.16,0.0,149.05,1528.44,
2021-2022,SUMMERSFSPCEREIMBURSEMENTS,00965,GREGORY-PORTLAND ISD,Educational Institution,School Food Authority,2,5,SAN PATRICIO,2,0,2,2022-07-01T00:00:00.000,930,0,2250,0,0,2204.1,0.0,9292.5,0.0,0.0,1191.68,12688.28,205-902
2021-2022,SUMMERSFSPCEREIMBURSEMENTS,00349,YSLETA ISD,Educational Institution,School Food Authority,19,1,EL PASO,1,0,1,2022-05-01T00:00:00.000,8,0,56,0,0,18.96,0.0,231.28,0.0,0.0,26.1,276.34,071-905
2021-2022,SUMMERSFSPCEREIMBURSEMENTS,01534,THE HOUSTON FOOD BANK,Private Non Profit Organization,Private Nonprofit,4,3,GALVESTON,140,0,140,2022-07-01T00:00:00.000,35482,0,53303,1110,0,84092.34,0.0,220141.39,1065.6,0.0,31522.25,336821.58,101-
2021-2022,SUMMERSFSPCEREIMBURSEMENTS,04405,Nutrition Transitions,Private Non Profit Organization,Private Nonprofit,4,3,DALLAS,21,0,21,2022-07-01T00:00:00.000,7220,0,10520,16376,14200,17111.4,0.0,43447.6,15720.96,58646.0,14312.28,149238.24,
2021-2022,SUMMERSFSPCEREIMBURSEMENTS,04080,"Village Hands and Hearts, Inc.",Private Non Profit Organization,Private Nonprofit,10,2,DALLAS,8,0,8,2022-07-01T00:00:00.000,5731,0,8861,494,0,13582.47,0.0,36595.93,474.24,0.0,5237.22,55889.86,
2021-2022,SUMMERSFSPCEREIMBURSEMENTS,04660,NORA'S WOMEN OF PURPOSE,Private Non Profit Organization,Private Nonprofit,10,2,DALLAS,25,0,25,2022-06-01T00:00:00.000,15819,0,17034,0,0,37491.03,0.0,70350.42,0.0,0.0,11084.68,118926.13,
2021-2022,SUMMERSFSPCEREIMBURSEMENTS,03974,P.L.A.Y.S. (Positive Leadership Advances Youth Self Development),Private Non Profit Organization,Private Nonprofit,10,2,DALLAS,3,0,3,2022-05-01T00:00:00.000,35,0,80,50,0,82.95,0.0,330.4,48.0,0.0,39.71,501.06,
2021-2022,SUMMERSFSPCEREIMBURSEMENTS,00021,CHARLOTTE ISD,Educational Institution,School Food Authority,20,4,ATASCOSA,1,0,1,2022-06-01T00:00:00.000,642,0,802,0,0,1521.54,0.0,3312.26,0.0,0.0,497.74,5331.54,007-901
2021-2022,SUMMERSFSPCEREIMBURSEMENTS,00529,SPRING BRANCH ISD,Educational Institution,School Food Authority,4,3,HARRIS,1,0,1,2022-05-01T00:00:00.000,26,0,108,0,0,61.62,0.0,446.04,0.0,0.0,52.82,560.48,101-920
2021-2022,SUMMERSFSPCEREIMBURSEMENTS,06480,South Texas Juvenile Diabetes Association,Private Non Profit Organization,Private Nonprofit,1,5,HIDALGO,3,0,3,2022-06-01T00:00:00.000,530,197,526,237,0,1256.1,189.12,2172.38,227.52,0.0,403.05,4248.17,
2021-2022,SUMMERSFSPCEREIMBURSEMENTS,01162,KERMIT ISD,Educational Institution,School Food Authority,18,1,WINKLER,1,0,1,2022-05-01T00:00:00.000,91,0,140,0,0,215.67,0.0,578.2,0.0,0.0,81.94,875.81,248-901
2021-2022,SUMMERSFSPCEREIMBURSEMENTS,06928,DFW Economic Solutions,Private Non Profit Organization,Private Nonprofit,10,2,DALLAS,10,0,10,2022-05-01T00:00:00.000,1498,0,1323,0,0,3550.26,0.0,5463.99,0.0,0.0,924.23,9938.48,
2021-2022,SUMMERSFSPCEREIMBURSEMENTS,00766,STANTON ISD,Educational Institution,School Food Authority,18,1,MARTIN,1,0,1,2022-06-01T00:00:00.000,863,0,1223,0,0,2045.31,0.0,5050.99,0.0,0.0,731.76,7828.06,156-902
2021-2022,SUMMERSFSPCEREIMBURSEMENTS,03949,"TRIANGLE COMMUNITY OUTREACH, INC.",Private Non Profit Organization,Private Nonprofit,5,3,JEFFERSON,37,0,37,2022-06-01T00:00:00.000,11447,0,14147,375,0,27129.39,0.0,58427.11,360.0,0.0,8852.69,94769.19,
2021-2022,SUMMERSFSPCEREIMBURSEMENTS,02225,D.M. Ministries Community Development Corporation,Private Non Profit Organization,Private Nonprofit,10,2,NACOGDOCHES,4,0,4,2022-06-01T00:00:00.000,1338,0,1501,0,0,3171.06,0.0,6199.13,0.0,0.0,963.61,10333.8,174-
2021-2022,SUMMERSFSPCEREIMBURSEMENTS,06377,Britestar Community Center Inc,Private Non Profit Organization,Private Nonprofit,4,3,HARRIS,12,0,12,2022-08-01T00:00:00.000,0,0,8104,8104,0,0.0,0.0,33469.52,7779.84,0.0,4457.2,45706.56,
2021-2022,SUMMERSFSPCEREIMBURSEMENTS,00965,GREGORY-PORTLAND ISD,Educational Institution,School Food Authority,2,5,SAN PATRICIO,3,0,3,2022-06-01T00:00:00.000,1530,0,3193,0,0,3626.1,0.0,13187.09,0.0,0.0,1740.52,18553.71,205-902
2021-2022,SUMMERSFSPCEREIMBURSEMENTS,01893,ARMED SERVICES YMCA CHILD DEVELOPMENT CENTER,Private Non Profit Organization,Private Nonprofit,19,1,EL PASO,1,0,1,2022-06-01T00:00:00.000,1449,0,2055,0,0,3434.13,0.0,8487.15,0.0,0.0,1229.31,13150.59,071-
2021-2022,SUMMERSFSPCEREIMBURSEMENTS,04493,THE JOSH HOWARD FOUNDATION,Private Non Profit Organization,Private Nonprofit,10,2,DALLAS,13,0,13,2022-07-01T00:00:00.000,2000,7677,9959,0,0,4740.0,7369.92,41130.67,0.0,0.0,5679.32,58919.91,
2021-2022,SUMMERSFSPCEREIMBURSEMENTS,06317,KIDS GRAB ON THE GO,Private Non Profit Organization,Private Nonprofit,10,2,DAWSON,9,0,9,2022-08-01T00:00:00.000,6811,0,6811,0,0,16142.07,0.0,28129.43,0.0,0.0,4546.35,48817.85,
2021-2022,SUMMERSFSPCEREIMBURSEMENTS,00033,ELGIN ISD,Educational Institution,School Food Authority,13,4,BASTROP,6,0,6,2022-06-01T00:00:00.000,8303,0,11333,0,0,19678.11,0.0,46805.29,0.0,0.0,6852.73,73336.13,011-902
2021-2022,SUMMERSFSPCEREIMBURSEMENTS,03554,"YOUNG WOMENS CHRISTIAN ASSOCIATION OF LUBBOCK, TEX",Private Non Profit Organization,Private Nonprofit,17,1,LUBBOCK,2,0,2,2022-06-01T00:00:00.000,0,0,4761,4564,0,0.0,0.0,19662.93,4381.44,0.0,2595.4,26639.77,152-
2021-2022,SUMMERSFSPCEREIMBURSEMENTS,01138,WICHITA FALLS ISD,Educational Institution,School Food Authority,9,2,WICHITA,10,0,10,2022-07-01T00:00:00.000,3654,0,6920,0,0,8659.98,0.0,28579.6,0.0,0.0,3851.59,41091.17,243-905
2021-2022,SUMMERSFSPCEREIMBURSEMENTS,03949,"TRIANGLE COMMUNITY OUTREACH, INC.",Private Non Profit Organization,Private Nonprofit,5,3,JEFFERSON,3,0,3,2022-05-01T00:00:00.000,49,0,69,0,0,116.13,0.0,284.97,0.0,0.0,41.36,442.46,
2021-2022,SUMMERSFSPCEREIMBURSEMENTS,06834,K-Nation Group,Private Non Profit Organization,Private Nonprofit,10,2,DALLAS,8,0,8,2022-08-01T00:00:00.000,11795,0,11795,0,0,27954.15,0.0,48713.35,0.0,0.0,7873.17,84540.67,
2021-2022,SUMMERSFSPCEREIMBURSEMENTS,00024,PLEASANTON ISD,Educational Institution,School Food Authority,20,4,ATASCOSA,6,0,6,2022-06-01T00:00:00.000,5572,0,9164,0,163,13205.64,0.0,37847.32,0.0,673.19,5343.35,57069.5,007-905
2021-2022,SUMMERSFSPCEREIMBURSEMENTS,05243,"Kids Bring Life, Inc.",Private Non Profit Organization,Private Nonprofit,10,2,DALLAS,2,0,2,2022-05-01T00:00:00.000,0,0,90,90,0,0.0,0.0,371.7,86.4,0.0,49.51,507.61,
2021-2022,SUMMERSFSPCEREIMBURSEMENTS,04660,NORA'S WOMEN OF PURPOSE,Private Non Profit Organization,Private Nonprofit,10,2,DALLAS,27,0,27,2022-07-01T00:00:00.000,18532,0,18853,0,0,43920.84,0.0,77862.89,0.0,0.0,12508.94,134292.67,
2021-2022,SUMMERSFSPCEREIMBURSEMENTS,01123,UNITED ISD,Educational Institution,School Food Authority,1,5,WEBB,32,0,32,2022-06-01T00:00:00.000,71227,0,88174,0,0,168807.99,0.0,364158.62,0.0,0.0,54873.61,587840.22,240-903
2021-2022,SUMMERSFSPCEREIMBURSEMENTS,00403,GALVESTON ISD,Educational Institution,School Food Authority,4,3,GALVESTON,1,0,1,2022-08-01T00:00:00.000,931,0,969,0,0,2206.47,0.0,4001.97,0.0,0.0,637.88,6846.32,084-902
2021-2022,SUMMERSFSPCEREIMBURSEMENTS,01530,SAN ANTONIO FOOD BANK,Private Non Profit Organization,Private Nonprofit,20,4,BEXAR,85,0,85,2022-06-01T00:00:00.000,4458,0,28593,22710,0,10565.46,0.0,118089.09,21801.6,0.0,16082.53,166538.68,015-
2021-2022,SUMMERSFSPCEREIMBURSEMENTS,01549,WEST TEXAS FOOD BANK,Private Non Profit Organization,Private Nonprofit,18,1,ECTOR,3,0,3,2022-08-01T00:00:00.000,0,0,62,47,0,0.0,0.0,256.06,45.12,0.0,32.34,333.52,068-
2021-2022,SUMMERSFSPCEREIMBURSEMENTS,00327,ECTOR COUNTY ISD,Educational Institution,School Food Authority,18,1,ECTOR,17,0,17,2022-07-01T00:00:00.000,8091,0,12127,0,0,19175.67,0.0,50084.51,0.0,0.0,7146.32,76406.5,068-901
2021-2022,SUMMERSFSPCEREIMBURSEMENTS,00969,SINTON ISD,Educational Institution,School Food Authority,2,5,SAN PATRICIO,2,0,2,2022-06-01T00:00:00.000,1354,0,2717,0,0,3208.98,0.0,11221.21,0.0,0.0,1493.29,15923.48,205-906
2021-2022,SUMMERSFSPCEREIMBURSEMENTS,04493,THE JOSH HOWARD FOUNDATION,Private Non Profit Organization,Private Nonprofit,10,2,DALLAS,12,0,12,2022-08-01T00:00:00.000,765,3180,3962,0,0,1813.05,3052.8,16363.06,0.0,0.0,2267.0,23495.91,
2021-2022,SUMMERSFSPCEREIMBURSEMENTS,06975,Education Potential Verified,Private Non Profit Organization,Private Nonprofit,10,2,DALLAS,40,0,40,2022-07-01T00:00:00.000,10864,0,26740,10274,0,25747.68,0.0,110436.2,9863.04,0.0,12519.74,158566.66,
2021-2022,SUMMERSFSPCEREIMBURSEMENTS,00524,KATY ISD,Educational Institution,School Food Authority,4,3,HARRIS,3,0,3,2022-07-01T00:00:00.000,174,0,2430,0,0,412.38,0.0,10035.9,0.0,0.0,1091.87,11540.15,101-914
2021-2022,SUMMERSFSPCEREIMBURSEMENTS,06975,Education Potential Verified,Private Non Profit Organization,Private Nonprofit,10,2,DALLAS,33,0,33,2022-08-01T00:00:00.000,3930,0,5012,200,0,9314.1,0.0,20699.56,192.0,0.0,2537.34,32743.0,
2021-2022,SUMMERSFSPCEREIMBURSEMENTS,00345,CLINT ISD,Educational Institution,School Food Authority,19,1,EL PASO,11,0,11,2022-06-01T00:00:00.000,19564,0,17985,0,0,46366.68,0.0,74278.05,0.0,0.0,12376.05,133020.78,071-901
2021-2022,SUMMERSFSPCEREIMBURSEMENTS,05006,BRIGHT NUTRITION,Private Non Profit Organization,Private Nonprofit,1,5,CAMERON,37,0,37,2022-08-01T00:00:00.000,22500,0,22500,0,0,53325.0,0.0,92925.0,0.0,0.0,12291.64,158541.64,
2021-2022,SUMMERSFSPCEREIMBURSEMENTS,01707,Intrinsic Foundation,Private Non Profit Organization,Private Nonprofit,10,2,DALLAS,7,0,7,2022-06-01T00:00:00.000,7101,0,7391,827,0,16829.37,0.0,30524.83,793.92,0.0,4962.52,53110.64,
2021-2022,SUMMERSFSPCEREIMBURSEMENTS,03535,Young Men's Christian Association of Metropolitan Fort Worth,Private Non Profit Organization,Private Nonprofit,11,2,TARRANT,6,0,6,2022-07-01T00:00:00.000,0,0,4372,3138,0,0.0,0.0,18056.36,3012.48,0.0,2259.61,23328.45,220-
2021-2022,SUMMERSFSPCEREIMBURSEMENTS,05591,Full Filled Project Inc,Private Non Profit Organization,Private Nonprofit,10,2,COLLIN,24,0,24,2022-07-01T00:00:00.000,14934,0,19331,2036,0,35393.58,0.0,79837.03,1954.56,0.0,12109.38,129294.55,
2021-2022,SUMMERSFSPCEREIMBURSEMENTS,03554,"YOUNG WOMENS CHRISTIAN ASSOCIATION OF LUBBOCK, TEX",Private Non Profit Organization,Private Nonprofit,17,1,LUBBOCK,1,0,1,2022-05-01T00:00:00.000,0,0,169,169,0,0.0,0.0,697.97,162.24,0.0,92.95,953.16,152-
2021-2022,SUMMERSFSPCEREIMBURSEMENTS,00426,DENISON ISD,Educational Institution,School Food Authority,10,2,GRAYSON,8,0,8,2022-06-01T00:00:00.000,2545,0,4167,0,0,6031.65,0.0,17209.71,0.0,0.0,2400.31,25641.67,091-903
2021-2022,SUMMERSFSPCEREIMBURSEMENTS,05656,"Kidz Grub, Inc.",Private Non Profit Organization,Private Nonprofit,4,3,HARRIS,9,0,9,2022-06-01T00:00:00.000,0,0,9949,0,0,0.0,0.0,41089.37,0.0,0.0,4302.94,45392.31,
2021-2022,SUMMERSFSPCEREIMBURSEMENTS,01041,MEADOW ISD,Educational Institution,School Food Authority,17,1,TERRY,1,0,1,2022-06-01T00:00:00.000,635,0,667,0,0,1504.95,0.0,2754.71,0.0,0.0,437.71,4697.37,223-902
2021-2022,SUMMERSFSPCEREIMBURSEMENTS,00456,PLAINVIEW ISD,Educational Institution,School Food Authority,17,1,HALE,2,0,2,2022-06-01T00:00:00.000,2208,0,3444,0,0,5232.96,0.0,14223.72,0.0,0.0,2008.41,21465.09,095-905
2021-2022,SUMMERSFSPCEREIMBURSEMENTS,04323,Kids Cove Community Outreach,Private Non Profit Organization,Private Nonprofit,10,2,DALLAS,11,0,11,2022-08-01T00:00:00.000,5115,0,5115,0,0,12122.55,0.0,21124.95,0.0,0.0,3414.27,36661.77,
2021-2022,SUMMERSFSPCEREIMBURSEMENTS,00531,SHELDON ISD,Educational Institution,School Food Authority,4,3,HARRIS,7,0,7,2022-05-01T00:00:00.000,712,0,1133,0,0,1687.44,0.0,4679.29,0.0,0.0,657.34,7024.07,101-924
2021-2022,SUMMERSFSPCEREIMBURSEMENTS,05255,"FOOD ALWAYS, INC.",Private Non Profit Organization,Private Nonprofit,4,3,HARRIS,10,0,10,2022-08-01T00:00:00.000,9982,0,9982,0,0,23657.34,0.0,41225.66,0.0,0.0,6662.99,71545.99,
2021-2022,SUMMERSFSPCEREIMBURSEMENTS,01162,KERMIT ISD,Educational Institution,School Food Authority,18,1,WINKLER,1,0,1,2022-06-01T00:00:00.000,1833,0,2522,0,0,4344.21,0.0,10415.86,0.0,0.0,1521.53,16281.6,248-901
2021-2022,SUMMERSFSPCEREIMBURSEMENTS,05591,Full Filled Project Inc,Private Non Profit Organization,Private Nonprofit,10,2,COLLIN,12,0,12,2022-08-01T00:00:00.000,3802,0,4338,400,250,9010.74,0.0,17915.94,384.0,1032.5,2924.79,31267.97,
2021-2022,SUMMERSFSPCEREIMBURSEMENTS,05451,"Boys Club of Pharr, Inc.",Private Non Profit Organization,Private Nonprofit,1,5,HIDALGO,4,0,4,2022-08-01T00:00:00.000,2065,0,2947,0,0,4894.05,0.0,12171.11,0.0,0.0,1759.86,18825.02,108-
2021-2022,SUMMERSFSPCEREIMBURSEMENTS,01034,ABILENE ISD,Educational Institution,School Food Authority,14,1,TAYLOR,12,0,12,2022-07-01T00:00:00.000,5845,0,11406,0,0,13852.65,0.0,47106.78,0.0,0.0,6306.68,67266.11,221-901
2021-2022,SUMMERSFSPCEREIMBURSEMENTS,01647,VICTORY COVENANT COMMUNITY MINISTRY,Private Non Profit Organization,Private Nonprofit,10,2,DALLAS,5,0,5,2022-06-01T00:00:00.000,2628,0,3919,1000,0,6228.36,0.0,16185.47,960.0,0.0,2430.05,25803.88,057-
2021-2022,SUMMERSFSPCEREIMBURSEMENTS,01550,HIGH PLAINS FOOD BANK,Private Non Profit Organization,Private Nonprofit,16,1,POTTER,12,0,12,2022-07-01T00:00:00.000,2249,0,7855,0,380,5330.13,0.0,32441.15,0.0,1569.4,4090.16,43430.84,188-
2021-2022,SUMMERSFSPCEREIMBURSEMENTS,06458,Boys & Girls Clubs in Texas,Private Non Profit Organization,Private Nonprofit,13,4,TRAVIS,24,0,24,2022-08-01T00:00:00.000,1729,0,5840,3252,0,4097.73,0.0,24119.2,3121.92,0.0,2917.67,34256.52,
2021-2022,SUMMERSFSPCEREIMBURSEMENTS,00940,CALVERT ISD,Educational Institution,School Food Authority,6,3,ROBERTSON,1,0,1,2022-06-01T00:00:00.000,366,0,432,0,0,867.42,0.0,1784.16,0.0,0.0,272.85,2924.43,198-902
2021-2022,SUMMERSFSPCEREIMBURSEMENTS,00772,PALACIOS ISD,Educational Institution,School Food Authority,3,3,MATAGORDA,1,0,1,2022-05-01T00:00:00.000,10,0,15,0,0,23.7,0.0,61.95,0.0,0.0,8.84,94.49,158-905
2021-2022,SUMMERSFSPCEREIMBURSEMENTS,00522,HOUSTON ISD,Educational Institution,School Food Authority,4,3,HARRIS,210,0,210,2022-06-01T00:00:00.000,216505,0,311588,0,0,513116.85,0.0,1286858.44,0.0,0.0,185640.49,1985615.78,101-912
2021-2022,SUMMERSFSPCEREIMBURSEMENTS,07014,Vision Ministries Community Church,Private Non Profit Organization,Private Nonprofit,4,3,HARRIS,3,0,3,2022-07-01T00:00:00.000,2125,0,2125,0,0,5036.25,0.0,8776.25,0.0,0.0,1418.44,15230.94,
2021-2022,SUMMERSFSPCEREIMBURSEMENTS,00665,CLEBURNE ISD,Educational Institution,School Food Authority,11,2,JOHNSON,6,0,6,2022-06-01T00:00:00.000,1743,0,4982,0,0,4130.91,0.0,20575.66,0.0,0.0,2564.33,27270.9,126-903
2021-2022,SUMMERSFSPCEREIMBURSEMENTS,00283,MESQUITE ISD,Educational Institution,School Food Authority,10,2,DALLAS,32,0,32,2022-06-01T00:00:00.000,21448,0,41262,0,0,50831.76,0.0,170412.06,0.0,0.0,22886.1,244129.92,057-914
2021-2022,SUMMERSFSPCEREIMBURSEMENTS,03554,"YOUNG WOMENS CHRISTIAN ASSOCIATION OF LUBBOCK, TEX",Private Non Profit Organization,Private Nonprofit,17,1,LUBBOCK,2,0,2,2022-07-01T00:00:00.000,0,0,5031,4514,0,0.0,0.0,20778.03,4333.44,0.0,2706.31,27817.78,152-
2021-2022,SUMMERSFSPCEREIMBURSEMENTS,03627,Food & Nutrition Solutions Inc.,Private Non Profit Organization,Private Nonprofit,7,3,ANGELINA,8,0,8,2022-06-01T00:00:00.000,7716,0,10945,1400,0,18286.92,0.0,45202.85,1344.0,0.0,6711.47,71545.24,003-
2021-2022,SUMMERSFSPCEREIMBURSEMENTS,05451,"Boys Club of Pharr, Inc.",Private Non Profit Organization,Private Nonprofit,1,5,HIDALGO,4,0,4,2022-06-01T00:00:00.000,6143,0,8912,0,0,14558.91,0.0,36806.56,0.0,0.0,5298.05,56663.52,108-
2021-2022,SUMMERSFSPCEREIMBURSEMENTS,06668,I.C.U. Independent Community Uplift,Private Non Profit Organization,Private Nonprofit,10,2,DALLAS,13,0,13,2022-06-01T00:00:00.000,5863,0,6118,0,0,13895.31,0.0,25267.34,0.0,0.0,4023.85,43186.5,
2021-2022,SUMMERSFSPCEREIMBURSEMENTS,01636,CITYSQUARE,Private Non Profit Organization,Private Nonprofit,10,2,DALLAS,130,0,130,2022-06-01T00:00:00.000,10452,59,54627,23449,0,24771.24,56.64,225609.51,22511.04,0.0,23637.26,296585.69,057-
2021-2022,SUMMERSFSPCEREIMBURSEMENTS,00418,NIXON-SMILEY CONS ISD,Educational Institution,School Food Authority,13,3,GONZALES,1,0,1,2022-07-01T00:00:00.000,374,0,444,0,0,886.38,0.0,1833.72,0.0,0.0,279.92,3000.02,089-903
2021-2022,SUMMERSFSPCEREIMBURSEMENTS,01685,"BOYS & GIRLS CLUBS OF AUSTIN COUNTY, INC",Private Non Profit Organization,Private Nonprofit,6,3,AUSTIN,1,0,1,2022-07-01T00:00:00.000,0,0,1776,1839,0,0.0,0.0,7334.88,1765.44,0.0,984.2,10084.52,
2021-2022,SUMMERSFSPCEREIMBURSEMENTS,00674,HAWLEY ISD,Educational Institution,School Food Authority,14,1,JONES,1,0,1,2022-06-01T00:00:00.000,0,0,498,0,0,0.0,0.0,2056.74,0.0,0.0,215.39,2272.13,127-904
2021-2022,SUMMERSFSPCEREIMBURSEMENTS,01544,REGIONAL EAST TEXAS FOOD BANK,Private Non Profit Organization,Private Nonprofit,7,2,SMITH,2,0,2,2022-05-01T00:00:00.000,52,0,60,0,0,123.24,0.0,247.8,0.0,0.0,38.17,409.21,212-
2021-2022,SUMMERSFSPCEREIMBURSEMENTS,06308,OIMZION International Global Ministries & Missions,Private Non Profit Organization,Private Nonprofit,17,1,HALE,3,0,3,2022-06-01T00:00:00.000,0,0,312,1308,971,0.0,0.0,1288.56,1255.68,4010.23,708.59,7263.06,
2021-2022,SUMMERSFSPCEREIMBURSEMENTS,00418,NIXON-SMILEY CONS ISD,Educational Institution,School Food Authority,13,3,GONZALES,1,0,1,2022-06-01T00:00:00.000,703,0,966,0,0,1666.11,0.0,3989.58,0.0,0.0,583.01,6238.7,089-903
2021-2022,SUMMERSFSPCEREIMBURSEMENTS,01544,REGIONAL EAST TEXAS FOOD BANK,Private Non Profit Organization,Private Nonprofit,7,2,SMITH,9,0,9,2022-08-01T00:00:00.000,1875,0,2018,0,0,4443.75,0.0,8334.34,0.0,0.0,1313.42,14091.51,212-
2021-2022,SUMMERSFSPCEREIMBURSEMENTS,01530,SAN ANTONIO FOOD BANK,Private Non Profit Organization,Private Nonprofit,20,4,BEXAR,60,0,60,2022-08-01T00:00:00.000,1426,0,8264,7297,0,3379.62,0.0,34130.32,7005.12,0.0,4766.69,49281.75,015-
2021-2022,SUMMERSFSPCEREIMBURSEMENTS,00045,BELTON ISD,Educational Institution,School Food Authority,12,2,BELL,4,0,4,2022-06-01T00:00:00.000,3626,0,8108,0,0,8593.62,0.0,33486.04,0.0,0.0,4358.82,46438.48,014-903
2021-2022,SUMMERSFSPCEREIMBURSEMENTS,03974,P.L.A.Y.S. (Positive Leadership Advances Youth Self Development),Private Non Profit Organization,Private Nonprofit,10,2,DALLAS,4,0,4,2022-08-01T00:00:00.000,810,0,1250,400,0,1919.7,0.0,5162.5,384.0,0.0,633.73,8099.93,
2021-2022,SUMMERSFSPCEREIMBURSEMENTS,01551,WICHITA FALLS AREA FOOD BANK,Private Non Profit Organization,Private Nonprofit,9,2,WICHITA,6,0,6,2022-08-01T00:00:00.000,0,0,1540,1320,0,0.0,0.0,6360.2,1267.2,0.0,705.65,8333.05,243-
2021-2022,SUMMERSFSPCEREIMBURSEMENTS,05451,"Boys Club of Pharr, Inc.",Private Non Profit Organization,Private Nonprofit,1,5,HIDALGO,4,0,4,2022-07-01T00:00:00.000,6071,0,8580,0,0,14388.27,0.0,35435.4,0.0,0.0,5137.54,54961.21,108-
2021-2022,SUMMERSFSPCEREIMBURSEMENTS,01156,LEANDER ISD,Educational Institution,School Food Authority,13,4,WILLIAMSON,3,0,3,2022-07-01T00:00:00.000,408,0,1125,0,0,966.96,0.0,4646.25,0.0,0.0,582.44,6195.65,246-913
2021-2022,SUMMERSFSPCEREIMBURSEMENTS,00448,SEGUIN ISD,Educational Institution,School Food Authority,13,4,GUADALUPE,3,0,3,2022-07-01T00:00:00.000,2224,0,3855,0,0,5270.88,0.0,15921.15,0.0,0.0,2189.93,23381.96,094-901
2021-2022,SUMMERSFSPCEREIMBURSEMENTS,04463,THE FIRST BAPTIST CHURCH OF KAUFMAN,Private Non Profit Organization,Private Nonprofit,10,2,KAUFMAN,1,0,1,2022-08-01T00:00:00.000,717,0,712,0,0,1699.29,0.0,2940.56,0.0,0.0,476.44,5116.29,
2021-2022,SUMMERSFSPCEREIMBURSEMENTS,06244,SEEDS OF ABRAHAM MINISTRIES,Private Non Profit Organization,Private Nonprofit,10,2,DALLAS,17,0,17,2022-07-01T00:00:00.000,0,0,21425,8050,0,0.0,0.0,88485.25,7728.0,0.0,10212.19,106425.44,
2021-2022,SUMMERSFSPCEREIMBURSEMENTS,01024,LAKE WORTH ISD,Educational Institution,School Food Authority,11,2,TARRANT,1,0,1,2022-08-01T00:00:00.000,0,0,486,0,0,0.0,0.0,2007.18,0.0,0.0,210.2,2217.38,220-910
2021-2022,SUMMERSFSPCEREIMBURSEMENTS,06533,THE SWEETWATER HOUSE OF PEACE,Private Non Profit Organization,Private Nonprofit,14,1,NOLAN,1,0,1,2022-08-01T00:00:00.000,0,0,405,0,0,0.0,0.0,1672.65,0.0,0.0,175.16,1847.81,
2021-2022,SUMMERSFSPCEREIMBURSEMENTS,03802,Purple Hearts Inc,Private Non Profit Organization,Private Nonprofit,11,2,TARRANT,9,0,9,2022-08-01T00:00:00.000,0,0,1175,1175,3480,0.0,0.0,4852.75,1128.0,14372.4,2151.35,22504.5,
2021-2022,SUMMERSFSPCEREIMBURSEMENTS,00802,NATALIA ISD,Educational Institution,School Food Authority,20,4,MEDINA,4,0,4,2022-06-01T00:00:00.000,1641,300,2068,129,129,3889.17,288.0,8540.84,123.84,532.77,1386.25,14760.87,163-903
2021-2022,SUMMERSFSPCEREIMBURSEMENTS,06458,Boys & Girls Clubs in Texas,Private Non Profit Organization,Private Nonprofit,13,4,TRAVIS,3,0,3,2022-05-01T00:00:00.000,58,0,95,50,0,137.46,0.0,392.35,48.0,0.0,52.61,630.42,
2021-2022,SUMMERSFSPCEREIMBURSEMENTS,01051,SAN ANGELO ISD,Educational Institution,School Food Authority,15,4,TOM GREEN,4,0,4,2022-07-01T00:00:00.000,143,0,319,0,0,338.91,0.0,1317.47,0.0,0.0,171.58,1827.96,226-903
2021-2022,SUMMERSFSPCEREIMBURSEMENTS,00714,SUDAN ISD,Educational Institution,School Food Authority,17,1,LAMB,1,0,1,2022-06-01T00:00:00.000,0,0,459,0,0,0.0,0.0,1895.67,0.0,0.0,198.52,2094.19,140-908
2021-2022,SUMMERSFSPCEREIMBURSEMENTS,00307,CUERO ISD,Educational Institution,School Food Authority,3,3,DEWITT,1,0,1,2022-06-01T00:00:00.000,1244,0,1784,0,0,2948.28,0.0,7367.92,0.0,0.0,1063.92,11380.12,062-901
2021-2022,SUMMERSFSPCEREIMBURSEMENTS,05241,"THE FIRST PRESBYTERIAN CHURCH OF COLORADO CITY, TEXAS",Private Non Profit Organization,Private Nonprofit,14,1,MITCHELL,1,0,1,2022-06-01T00:00:00.000,0,0,907,0,0,0.0,0.0,3745.91,0.0,0.0,392.28,4138.19,
2021-2022,SUMMERSFSPCEREIMBURSEMENTS,00087,SOUTHWEST ISD,Educational Institution,School Food Authority,20,4,BEXAR,2,0,2,2022-08-01T00:00:00.000,279,0,1814,0,0,661.23,0.0,7491.82,0.0,0.0,850.13,9003.18,015-912
2021-2022,SUMMERSFSPCEREIMBURSEMENTS,00085,NORTH EAST ISD,Educational Institution,School Food Authority,20,4,BEXAR,28,0,28,2022-07-01T00:00:00.000,8388,0,11262,0,0,19879.56,0.0,46512.06,0.0,0.0,6842.0,73233.62,015-910
2021-2022,SUMMERSFSPCEREIMBURSEMENTS,04742,Be A Champion Inc.,Private Non Profit Organization,Private Nonprofit,4,3,HARRIS,71,0,71,2022-07-01T00:00:00.000,16482,0,21216,1085,1786,39062.34,0.0,87622.08,1041.6,7376.18,11427.51,146529.71,
2021-2022,SUMMERSFSPCEREIMBURSEMENTS,00457,MEMPHIS ISD,Educational Institution,School Food Authority,16,1,HALL,1,0,1,2022-05-01T00:00:00.000,30,0,46,0,0,71.1,0.0,189.98,0.0,0.0,26.95,288.03,096-904
2021-2022,SUMMERSFSPCEREIMBURSEMENTS,05259,K12 ENRICHMENT ACADEMY,Private Non Profit Organization,Private Nonprofit,10,2,DALLAS,4,0,4,2022-06-01T00:00:00.000,307,0,2490,0,0,727.59,0.0,10283.7,0.0,0.0,946.98,11958.27,
2021-2022,SUMMERSFSPCEREIMBURSEMENTS,05591,Full Filled Project Inc,Private Non Profit Organization,Private Nonprofit,10,2,COLLIN,26,0,26,2022-06-01T00:00:00.000,15960,152,23406,2250,0,37825.2,145.92,96666.78,2160.0,0.0,14155.94,150953.84,
2021-2022,SUMMERSFSPCEREIMBURSEMENTS,00711,LITTLEFIELD ISD,Educational Institution,School Food Authority,17,1,LAMB,1,0,1,2022-05-01T00:00:00.000,373,0,254,0,0,884.01,0.0,1049.02,0.0,0.0,197.52,2130.55,140-904
2021-2022,SUMMERSFSPCEREIMBURSEMENTS,04838,BOYS AND GIRLS CLUB OF ZAPATA COUNTY,Private Non Profit Organization,Private Nonprofit,1,5,ZAPATA,1,0,1,2022-07-01T00:00:00.000,0,0,660,572,0,0.0,0.0,2725.8,549.12,0.0,352.66,3627.58,
2021-2022,SUMMERSFSPCEREIMBURSEMENTS,01576,"Central Texas Food Bank, Inc.",Private Non Profit Organization,Private Nonprofit,13,4,TRAVIS,40,0,40,2022-07-01T00:00:00.000,5609,0,11895,7293,0,13293.33,0.0,49126.35,7001.28,0.0,7319.64,76740.6,227-
2021-2022,SUMMERSFSPCEREIMBURSEMENTS,00524,KATY ISD,Educational Institution,School Food Authority,4,3,HARRIS,6,0,6,2022-06-01T00:00:00.000,5524,0,14545,0,0,13091.88,0.0,60070.85,0.0,0.0,7588.85,80751.58,101-914
2021-2022,SUMMERSFSPCEREIMBURSEMENTS,06743,RGV Read and Feed,Private Non Profit Organization,Private Nonprofit,1,5,HIDALGO,4,0,4,2022-06-01T00:00:00.000,0,0,8102,3187,0,0.0,0.0,33461.26,3059.52,0.0,3878.59,40399.37,
2021-2022,SUMMERSFSPCEREIMBURSEMENTS,05327,PRESERVATION OF LIFE INC.,Private Non Profit Organization,Private Nonprofit,4,3,HARRIS,9,0,9,2022-06-01T00:00:00.000,8124,0,10622,0,0,19253.88,0.0,43868.86,0.0,0.0,6503.16,69625.9,
2021-2022,SUMMERSFSPCEREIMBURSEMENTS,03627,Food & Nutrition Solutions Inc.,Private Non Profit Organization,Private Nonprofit,7,3,ANGELINA,4,0,4,2022-08-01T00:00:00.000,415,0,1420,1040,0,983.55,0.0,5864.6,998.4,0.0,833.88,8680.43,003-
2021-2022,SUMMERSFSPCEREIMBURSEMENTS,05006,BRIGHT NUTRITION,Private Non Profit Organization,Private Nonprofit,1,5,CAMERON,38,0,38,2022-07-01T00:00:00.000,59467,0,59467,0,0,140936.79,0.0,245598.71,0.0,0.0,32438.85,418974.35,
2021-2022,SUMMERSFSPCEREIMBURSEMENTS,00187,MORTON ISD,Educational Institution,School Food Authority,17,1,COCHRAN,1,0,1,2022-06-01T00:00:00.000,446,0,743,0,0,1057.02,0.0,3068.59,0.0,0.0,426.16,4551.77,040-901
2021-2022,SUMMERSFSPCEREIMBURSEMENTS,01568,KICKAPOO TRADITIONAL TRIBE OF TEXAS,Indian Tribe,Unit of Government,20,4,MAVERICK,1,0,1,2022-08-01T00:00:00.000,203,0,203,0,0,481.11,0.0,838.39,0.0,0.0,135.51,1455.01,159-
2021-2022,SUMMERSFSPCEREIMBURSEMENTS,05823,Discovering Healthy Foods,Private Non Profit Organization,Private Nonprofit,4,3,HARRIS,1,0,1,2022-05-01T00:00:00.000,0,0,600,600,0,0.0,0.0,2478.0,576.0,0.0,330.0,3384.0,
2021-2022,SUMMERSFSPCEREIMBURSEMENTS,04660,NORA'S WOMEN OF PURPOSE,Private Non Profit Organization,Private Nonprofit,10,2,DALLAS,24,0,24,2022-05-01T00:00:00.000,745,0,834,0,0,1765.65,0.0,3444.42,0.0,0.0,535.79,5745.86,
2021-2022,SUMMERSFSPCEREIMBURSEMENTS,01530,SAN ANTONIO FOOD BANK,Private Non Profit Organization,Private Nonprofit,20,4,BEXAR,110,0,110,2022-07-01T00:00:00.000,5841,78,41773,38431,0,13843.17,74.88,172522.49,36893.76,0.0,23964.27,247298.57,015-
2021-2022,SUMMERSFSPCEREIMBURSEMENTS,00181,CHILDRESS ISD,Educational Institution,School Food Authority,16,1,CHILDRESS,1,0,1,2022-06-01T00:00:00.000,0,0,299,0,0,0.0,0.0,1234.87,0.0,0.0,129.32,1364.19,038-901
2021-2022,SUMMERSFSPCEREIMBURSEMENTS,00772,PALACIOS ISD,Educational Institution,School Food Authority,3,3,MATAGORDA,1,0,1,2022-06-01T00:00:00.000,802,0,2220,0,0,1900.74,0.0,9168.6,0.0,0.0,1148.62,12217.96,158-905
2021-2022,SUMMERSFSPCEREIMBURSEMENTS,00345,CLINT ISD,Educational Institution,School Food Authority,19,1,EL PASO,3,0,3,2022-07-01T00:00:00.000,305,0,463,0,0,722.85,0.0,1912.19,0.0,0.0,271.93,2906.97,071-901
2021-2022,SUMMERSFSPCEREIMBURSEMENTS,00531,SHELDON ISD,Educational Institution,School Food Authority,4,3,HARRIS,7,0,7,2022-06-01T00:00:00.000,11428,0,17854,0,0,27084.36,0.0,73737.02,0.0,0.0,10407.44,111228.82,101-924
2021-2022,SUMMERSFSPCEREIMBURSEMENTS,05243,"Kids Bring Life, Inc.",Private Non Profit Organization,Private Nonprofit,10,2,DALLAS,50,0,50,2022-06-01T00:00:00.000,8110,0,26376,12144,0,19220.7,0.0,108932.88,11658.24,0.0,14740.39,154552.21,
2021-2022,SUMMERSFSPCEREIMBURSEMENTS,00426,DENISON ISD,Educational Institution,School Food Authority,10,2,GRAYSON,6,0,6,2022-07-01T00:00:00.000,1477,0,1635,0,0,3500.49,0.0,6752.55,0.0,0.0,1054.24,11307.28,091-903
2021-2022,SUMMERSFSPCEREIMBURSEMENTS,00087,SOUTHWEST ISD,Educational Institution,School Food Authority,20,4,BEXAR,3,0,3,2022-07-01T00:00:00.000,1937,0,3270,0,0,4590.69,0.0,13505.1,0.0,0.0,1869.48,19965.27,015-912
2021-2022,SUMMERSFSPCEREIMBURSEMENTS,06743,RGV Read and Feed,Private Non Profit Organization,Private Nonprofit,1,5,HIDALGO,4,0,4,2022-07-01T00:00:00.000,0,0,7991,7991,0,0.0,0.0,33002.83,7671.36,0.0,4395.05,45069.24,
2021-2022,SUMMERSFSPCEREIMBURSEMENTS,00011,LUFKIN ISD,Educational Institution,School Food Authority,7,3,ANGELINA,8,0,8,2022-07-01T00:00:00.000,1790,0,4027,0,0,4242.3,0.0,16631.51,0.0,0.0,2162.33,23036.14,003-903
2021-2022,SUMMERSFSPCEREIMBURSEMENTS,03535,Young Men's Christian Association of Metropolitan Fort Worth,Private Non Profit Organization,Private Nonprofit,11,2,TARRANT,6,0,6,2022-06-01T00:00:00.000,0,0,3844,2906,0,0.0,0.0,15875.72,2789.76,0.0,2003.99,20669.47,220-
2021-2022,SUMMERSFSPCEREIMBURSEMENTS,01123,UNITED ISD,Educational Institution,School Food Authority,1,5,WEBB,17,0,17,2022-07-01T00:00:00.000,5300,0,10459,0,0,12561.0,0.0,43195.67,0.0,0.0,5769.02,61525.69,240-903
2021-2022,SUMMERSFSPCEREIMBURSEMENTS,00381,FLOYDADA ISD,Educational Institution,School Food Authority,17,1,FLOYD,1,0,1,2022-06-01T00:00:00.000,0,0,1410,0,0,0.0,0.0,5823.3,0.0,0.0,609.83,6433.13,077-901
2021-2022,SUMMERSFSPCEREIMBURSEMENTS,01525,CITY OF HOUSTON,Government Agency,Unit of Government,4,3,HARRIS,81,0,81,2022-06-01T00:00:00.000,13988,0,17521,0,0,33151.56,0.0,72361.73,0.0,0.0,8851.54,114364.83,101-
2021-2022,SUMMERSFSPCEREIMBURSEMENTS,03689,"S.Tracy Howard Project, Inc.",Private Non Profit Organization,Private Nonprofit,11,2,DENTON,22,0,22,2022-07-01T00:00:00.000,20582,0,22536,450,0,48779.34,0.0,93073.68,432.0,0.0,14636.47,156921.49,
2021-2022,SUMMERSFSPCEREIMBURSEMENTS,06083,"""With Helping Hands"" serving nutritious meals",Private Non Profit Organization,Private Nonprofit,4,3,HARRIS,24,0,24,2022-06-01T00:00:00.000,0,0,1206,0,12919,0.0,0.0,4980.78,0.0,53355.47,6109.07,64445.32,
2021-2022,SUMMERSFSPCEREIMBURSEMENTS,00403,GALVESTON ISD,Educational Institution,School Food Authority,4,3,GALVESTON,10,0,10,2022-06-01T00:00:00.000,14092,0,21416,0,0,33398.04,0.0,88448.08,0.0,0.0,12271.24,134117.36,084-902
2021-2022,SUMMERSFSPCEREIMBURSEMENTS,06082,"STEPS TO EXCELLENCE, INC.",Private Non Profit Organization,Private Nonprofit,4,3,HARRIS,7,0,7,2022-06-01T00:00:00.000,2805,0,3689,0,0,6647.85,0.0,15235.57,0.0,0.0,2254.67,24138.09,
2021-2022,SUMMERSFSPCEREIMBURSEMENTS,00454,HALE CENTER ISD,Educational Institution,School Food Authority,17,1,HALE,1,0,1,2022-06-01T00:00:00.000,236,0,390,0,0,559.32,0.0,1610.7,0.0,0.0,224.14,2394.16,095-903
2021-2022,SUMMERSFSPCEREIMBURSEMENTS,00844,NACOGDOCHES ISD,Educational Institution,School Food Authority,7,3,NACOGDOCHES,4,0,4,2022-07-01T00:00:00.000,3445,0,6578,0,0,8164.65,0.0,27167.14,0.0,0.0,3654.57,38986.36,174-904
2021-2022,SUMMERSFSPCEREIMBURSEMENTS,01531,TEXAS A&M UNIVERSITY CORPUS CHRISTI,Government Agency,Unit of Government,2,5,NUECES,1,0,1,2022-06-01T00:00:00.000,0,0,1939,0,0,0.0,0.0,8008.07,0.0,0.0,693.19,8701.26,178-
2021-2022,SUMMERSFSPCEREIMBURSEMENTS,01024,LAKE WORTH ISD,Educational Institution,School Food Authority,11,2,TARRANT,3,0,3,2022-06-01T00:00:00.000,5419,0,9387,0,0,12843.03,0.0,38768.31,0.0,0.0,5333.35,56944.69,220-910
2021-2022,SUMMERSFSPCEREIMBURSEMENTS,07122,"Harvest Texarkana Regional Food Bank, Inc.",Private Non Profit Organization,Private Nonprofit,8,2,BOWIE,1,0,1,2022-07-01T00:00:00.000,0,0,111,0,0,0.0,0.0,458.43,0.0,0.0,39.68,498.11,
2021-2022,SUMMERSFSPCEREIMBURSEMENTS,00033,ELGIN ISD,Educational Institution,School Food Authority,13,4,BASTROP,5,0,5,2022-07-01T00:00:00.000,276,0,480,0,0,654.12,0.0,1982.4,0.0,0.0,272.46,2908.98,011-902
2021-2022,SUMMERSFSPCEREIMBURSEMENTS,01551,WICHITA FALLS AREA FOOD BANK,Private Non Profit Organization,Private Nonprofit,9,2,WICHITA,6,0,6,2022-06-01T00:00:00.000,0,0,4856,4993,0,0.0,0.0,20055.28,4793.28,0.0,2322.7,27171.26,243-
2021-2022,SUMMERSFSPCEREIMBURSEMENTS,05778,PURPOSE DRIVEN MINISTRIES,Private Non Profit Organization,Nonresidential Summer Camp,11,2,TARRANT,8,0,8,2022-08-01T00:00:00.000,4000,0,0,0,4000,9480.0,0.0,0.0,0.0,16520.0,2670.0,28670.0,
2021-2022,SUMMERSFSPCEREIMBURSEMENTS,00529,SPRING BRANCH ISD,Educational Institution,School Food Authority,4,3,HARRIS,8,0,8,2022-07-01T00:00:00.000,1588,0,2347,0,0,3763.56,0.0,9693.11,0.0,0.0,1388.26,14844.93,101-920
2021-2022,SUMMERSFSPCEREIMBURSEMENTS,05006,BRIGHT NUTRITION,Private Non Profit Organization,Private Nonprofit,1,5,CAMERON,10,0,10,2022-05-01T00:00:00.000,2587,0,2587,0,0,6131.19,0.0,10684.31,0.0,0.0,1403.45,18218.95,
2021-2022,SUMMERSFSPCEREIMBURSEMENTS,06670,"Healthy Kids and Teens of South Texas, Inc.",Private Non Profit Organization,Private Nonprofit,1,5,HIDALGO,2,0,2,2022-08-01T00:00:00.000,3890,0,3935,0,0,9219.3,0.0,16251.55,0.0,0.0,2616.04,28086.89,
2021-2022,SUMMERSFSPCEREIMBURSEMENTS,03535,Young Men's Christian Association of Metropolitan Fort Worth,Private Non Profit Organization,Private Nonprofit,11,2,TARRANT,6,0,6,2022-08-01T00:00:00.000,0,0,1392,1075,0,0.0,0.0,5748.96,1032.0,0.0,728.35,7509.31,220-
2021-2022,SUMMERSFSPCEREIMBURSEMENTS,01177,DENVER CITY ISD,Educational Institution,School Food Authority,17,1,YOAKUM,1,0,1,2022-06-01T00:00:00.000,1082,0,2029,0,0,2564.34,0.0,8379.77,0.0,0.0,1131.81,12075.92,251-901
2021-2022,SUMMERSFSPCEREIMBURSEMENTS,01567,BREAKTHROUGH,Private Non Profit Organization,Private Nonprofit,13,4,TRAVIS,2,0,2,2022-06-01T00:00:00.000,1283,0,1445,0,0,3040.71,0.0,5967.85,0.0,0.0,753.95,9762.51,227-
2021-2022,SUMMERSFSPCEREIMBURSEMENTS,04742,Be A Champion Inc.,Private Non Profit Organization,Private Nonprofit,4,3,HARRIS,34,0,34,2022-08-01T00:00:00.000,22431,0,24106,744,1105,53161.47,0.0,99557.78,714.24,4563.65,13261.13,171258.27,
2021-2022,SUMMERSFSPCEREIMBURSEMENTS,00712,OLTON ISD,Educational Institution,School Food Authority,17,1,LAMB,1,0,1,2022-05-01T00:00:00.000,39,0,74,0,0,92.43,0.0,305.62,0.0,0.0,41.18,439.23,140-905
2021-2022,SUMMERSFSPCEREIMBURSEMENTS,05354,FJV FOUNDATION,Private Non Profit Organization,Private Nonprofit,10,2,DALLAS,6,0,6,2022-08-01T00:00:00.000,2403,0,2550,70,0,5695.11,0.0,10531.5,67.2,0.0,1675.82,17969.63,
2021-2022,SUMMERSFSPCEREIMBURSEMENTS,00522,HOUSTON ISD,Educational Institution,School Food Authority,4,3,HARRIS,36,0,36,2022-08-01T00:00:00.000,2784,0,4760,0,0,6598.08,0.0,19658.8,0.0,0.0,2712.94,28969.82,101-912
2021-2022,SUMMERSFSPCEREIMBURSEMENTS,01029,CASTLEBERRY ISD,Educational Institution,School Food Authority,11,2,TARRANT,5,0,5,2022-06-01T00:00:00.000,11364,0,16198,0,0,26932.68,0.0,66897.74,0.0,0.0,9676.18,103506.6,220-917
2021-2022,SUMMERSFSPCEREIMBURSEMENTS,01544,REGIONAL EAST TEXAS FOOD BANK,Private Non Profit Organization,Private Nonprofit,7,2,SMITH,25,0,25,2022-06-01T00:00:00.000,6393,0,10306,0,0,15151.41,0.0,42563.78,0.0,0.0,5959.71,63674.9,212-
2021-2022,SUMMERSFSPCEREIMBURSEMENTS,06377,Britestar Community Center Inc,Private Non Profit Organization,Private Nonprofit,4,3,HARRIS,11,0,11,2022-06-01T00:00:00.000,0,0,9837,9837,0,0.0,0.0,40626.81,9443.52,0.0,5410.35,55480.68,
2021-2022,SUMMERSFSPCEREIMBURSEMENTS,01602,JEFFERSON COUNTY PRECINCT 4,Government Agency,Unit of Government,5,3,JEFFERSON,3,0,3,2022-07-01T00:00:00.000,0,0,1070,0,0,0.0,0.0,4419.1,0.0,0.0,412.08,4831.18,123-
2021-2022,SUMMERSFSPCEREIMBURSEMENTS,06508,"Sower of Seeds International Ministries, Inc",Private Non Profit Organization,Private Nonprofit,11,2,TARRANT,5,0,5,2022-07-01T00:00:00.000,275,248,863,59,317,651.75,238.08,3564.19,56.64,1309.21,501.13,6321.0,
2021-2022,SUMMERSFSPCEREIMBURSEMENTS,00452,ABERNATHY ISD,Educational Institution,School Food Authority,17,1,HALE,1,0,1,2022-06-01T00:00:00.000,0,0,747,0,0,0.0,0.0,3085.11,0.0,0.0,323.08,3408.19,095-901
2021-2022,SUMMERSFSPCEREIMBURSEMENTS,01576,"Central Texas Food Bank, Inc.",Private Non Profit Organization,Private Nonprofit,13,4,TRAVIS,21,0,21,2022-08-01T00:00:00.000,1994,0,2350,1155,0,4725.78,0.0,9705.5,1108.8,0.0,1620.68,17160.76,227-
2021-2022,SUMMERSFSPCEREIMBURSEMENTS,07014,Vision Ministries Community Church,Private Non Profit Organization,Private Nonprofit,4,3,HARRIS,4,0,4,2022-08-01T00:00:00.000,2525,0,2418,0,0,5984.25,0.0,9986.34,0.0,0.0,1639.17,17609.76,
2021-2022,SUMMERSFSPCEREIMBURSEMENTS,04080,"Village Hands and Hearts, Inc.",Private Non Profit Organization,Private Nonprofit,10,2,DALLAS,11,0,11,2022-06-01T00:00:00.000,4992,0,8012,1863,0,11831.04,0.0,33089.56,1788.48,0.0,4857.21,51566.29,
2021-2022,SUMMERSFSPCEREIMBURSEMENTS,01051,SAN ANGELO ISD,Educational Institution,School Food Authority,15,4,TOM GREEN,5,0,5,2022-06-01T00:00:00.000,4406,0,7488,0,0,10442.22,0.0,30925.44,0.0,0.0,4273.97,45641.63,226-903
2021-2022,SUMMERSFSPCEREIMBURSEMENTS,00222,GAINESVILLE ISD,Educational Institution,School Food Authority,11,2,COOKE,4,0,4,2022-07-01T00:00:00.000,65,0,491,0,0,154.05,0.0,2027.83,0.0,0.0,227.64,2409.52,049-901
2021-2022,SUMMERSFSPCEREIMBURSEMENTS,04119,J.E.W.E.L. Foundation,Private Non Profit Organization,Private Nonprofit,10,2,DALLAS,23,0,23,2022-08-01T00:00:00.000,400,0,6675,0,485,948.0,0.0,27567.75,0.0,2003.05,3190.7,33709.5,
2021-2022,SUMMERSFSPCEREIMBURSEMENTS,03949,"TRIANGLE COMMUNITY OUTREACH, INC.",Private Non Profit Organization,Private Nonprofit,5,3,JEFFERSON,51,0,51,2022-07-01T00:00:00.000,9981,100,13206,657,0,23654.97,96.0,54540.78,630.72,0.0,8146.09,87068.56,
2021-2022,SUMMERSFSPCEREIMBURSEMENTS,06244,SEEDS OF ABRAHAM MINISTRIES,Private Non Profit Organization,Private Nonprofit,10,2,DALLAS,19,0,19,2022-06-01T00:00:00.000,8227,0,18837,9940,0,19497.99,0.0,77796.81,9542.4,0.0,11248.3,118085.5,
2021-2022,SUMMERSFSPCEREIMBURSEMENTS,03793,"Urban Change for Life Center, Inc.",Private Non Profit Organization,Private Nonprofit,10,2,DALLAS,19,0,19,2022-06-01T00:00:00.000,23125,0,24617,0,0,54806.25,0.0,101668.21,0.0,0.0,16081.23,172555.69,
2021-2022,SUMMERSFSPCEREIMBURSEMENTS,06244,SEEDS OF ABRAHAM MINISTRIES,Private Non Profit Organization,Private Nonprofit,10,2,DALLAS,13,0,13,2022-08-01T00:00:00.000,0,0,6193,4434,0,0.0,0.0,25577.09,4256.64,0.0,3199.47,33033.2,
2021-2022,SUMMERSFSPCEREIMBURSEMENTS,06743,RGV Read and Feed,Private Non Profit Organization,Private Nonprofit,1,5,HIDALGO,4,0,4,2022-05-01T00:00:00.000,0,0,740,320,0,0.0,0.0,3056.2,307.2,0.0,357.65,3721.05,
2021-2022,SUMMERSFSPCEREIMBURSEMENTS,05243,"Kids Bring Life, Inc.",Private Non Profit Organization,Private Nonprofit,10,2,DALLAS,45,0,45,2022-08-01T00:00:00.000,2639,0,8457,4279,0,6254.43,0.0,34927.41,4107.84,0.0,4780.6,50070.28,
2021-2022,SUMMERSFSPCEREIMBURSEMENTS,00349,YSLETA ISD,Educational Institution,School Food Authority,19,1,EL PASO,16,0,16,2022-07-01T00:00:00.000,786,0,1246,0,0,1862.82,0.0,5145.98,0.0,0.0,723.61,7732.41,071-905
2021-2022,SUMMERSFSPCEREIMBURSEMENTS,00087,SOUTHWEST ISD,Educational Institution,School Food Authority,20,4,BEXAR,9,0,9,2022-06-01T00:00:00.000,14111,0,31571,0,0,33443.07,0.0,130388.23,0.0,0.0,16970.55,180801.85,015-912
2021-2022,SUMMERSFSPCEREIMBURSEMENTS,05354,FJV FOUNDATION,Private Non Profit Organization,Private Nonprofit,10,2,DALLAS,8,0,8,2022-06-01T00:00:00.000,11454,0,12354,224,0,27145.98,0.0,51022.02,215.04,0.0,8061.12,86444.16,
2021-2022,SUMMERSFSPCEREIMBURSEMENTS,00315,CARRIZO SPRINGS CONS ISD,Educational Institution,School Food Authority,20,4,DIMMIT,1,0,1,2022-07-01T00:00:00.000,0,0,700,0,0,0.0,0.0,2891.0,0.0,0.0,302.75,3193.75,064-903
2021-2022,SUMMERSFSPCEREIMBURSEMENTS,02225,D.M. Ministries Community Development Corporation,Private Non Profit Organization,Private Nonprofit,10,2,NACOGDOCHES,3,0,3,2022-07-01T00:00:00.000,471,0,3661,0,0,1116.27,0.0,15119.93,0.0,0.0,1694.07,17930.27,174-
2021-2022,SUMMERSFSPCEREIMBURSEMENTS,01518,"THE BOYS AND GIRLS CLUBS OF VERNON, INC",Private Non Profit Organization,Private Nonprofit,9,2,WILBARGER,2,0,2,2022-07-01T00:00:00.000,1215,0,4094,0,0,2879.55,0.0,16908.22,0.0,0.0,2056.19,21843.96,244-
2021-2022,SUMMERSFSPCEREIMBURSEMENTS,00411,POST ISD,Educational Institution,School Food Authority,17,1,GARZA,1,0,1,2022-06-01T00:00:00.000,2280,0,2188,0,0,5403.6,0.0,9036.44,0.0,0.0,1482.11,15922.15,085-902
2021-2022,SUMMERSFSPCEREIMBURSEMENTS,00029,MULESHOE ISD,Educational Institution,School Food Authority,17,1,BAILEY,3,0,3,2022-05-01T00:00:00.000,146,0,180,0,0,346.02,0.0,743.4,0.0,0.0,112.16,1201.58,009-901
2021-2022,SUMMERSFSPCEREIMBURSEMENTS,06975,Education Potential Verified,Private Non Profit Organization,Private Nonprofit,10,2,DALLAS,45,0,45,2022-06-01T00:00:00.000,6481,3340,23668,11836,0,15359.97,3206.4,97748.84,11362.56,0.0,11064.08,138741.85,
2021-2022,SUMMERSFSPCEREIMBURSEMENTS,01535,"SOUTH PLAINS FOOD BANK, INC.",Private Non Profit Organization,Private Nonprofit,17,1,LUBBOCK,12,0,12,2022-07-01T00:00:00.000,879,0,7986,5446,0,2083.23,0.0,32982.18,5228.16,0.0,4300.43,44594.0,152-
2021-2022,SUMMERSFSPCEREIMBURSEMENTS,01177,DENVER CITY ISD,Educational Institution,School Food Authority,17,1,YOAKUM,1,0,1,2022-05-01T00:00:00.000,48,0,58,0,0,113.76,0.0,239.54,0.0,0.0,36.37,389.67,251-901
2021-2022,SUMMERSFSPCEREIMBURSEMENTS,01524,Shackelford County Community Resource Center,Private Non Profit Organization,Private Nonprofit,14,1,SHACKELFORD,1,0,1,2022-07-01T00:00:00.000,0,719,719,0,0,0.0,690.24,2969.47,0.0,0.0,395.45,4055.16,209-
2021-2022,SUMMERSFSPCEREIMBURSEMENTS,01567,BREAKTHROUGH,Private Non Profit Organization,Private Nonprofit,13,4,TRAVIS,2,0,2,2022-07-01T00:00:00.000,1437,0,1531,0,0,3405.69,0.0,6323.03,0.0,0.0,813.18,10541.9,227-
2021-2022,SUMMERSFSPCEREIMBURSEMENTS,05255,"FOOD ALWAYS, INC.",Private Non Profit Organization,Private Nonprofit,4,3,HARRIS,7,0,7,2022-05-01T00:00:00.000,265,0,328,0,0,628.05,0.0,1354.64,0.0,0.0,204.14,2186.83,
2021-2022,SUMMERSFSPCEREIMBURSEMENTS,06928,DFW Economic Solutions,Private Non Profit Organization,Private Nonprofit,10,2,DALLAS,21,0,21,2022-08-01T00:00:00.000,22950,0,22950,462,462,54391.5,0.0,94783.5,443.52,1908.06,15573.24,167099.82,
2021-2022,SUMMERSFSPCEREIMBURSEMENTS,00413,FREDERICKSBURG ISD,Educational Institution,School Food Authority,13,4,GILLESPIE,3,0,3,2022-06-01T00:00:00.000,1971,0,2429,0,0,4671.27,0.0,10031.77,0.0,0.0,1513.73,16216.77,086-901
2021-2022,SUMMERSFSPCEREIMBURSEMENTS,04168,"Destiny Empowerment Enterprises, Inc.",Private Non Profit Organization,Private Nonprofit,11,2,TARRANT,1,0,1,2022-06-01T00:00:00.000,238,0,370,0,0,564.06,0.0,1528.1,0.0,0.0,215.96,2308.12,
2021-2022,SUMMERSFSPCEREIMBURSEMENTS,01122,LAREDO ISD,Educational Institution,School Food Authority,1,5,WEBB,28,0,28,2022-05-01T00:00:00.000,2288,0,3138,0,0,5422.56,0.0,12959.94,0.0,0.0,1894.87,20277.37,240-901
2021-2022,SUMMERSFSPCEREIMBURSEMENTS,00711,LITTLEFIELD ISD,Educational Institution,School Food Authority,17,1,LAMB,1,0,1,2022-06-01T00:00:00.000,5749,0,3995,0,0,13625.13,0.0,16499.35,0.0,0.0,3078.86,33203.34,140-904
2021-2022,SUMMERSFSPCEREIMBURSEMENTS,00327,ECTOR COUNTY ISD,Educational Institution,School Food Authority,18,1,ECTOR,23,0,23,2022-06-01T00:00:00.000,21729,0,28760,0,0,51497.73,0.0,118778.8,0.0,0.0,17545.02,187821.55,068-901
2021-2022,SUMMERSFSPCEREIMBURSEMENTS,01122,LAREDO ISD,Educational Institution,School Food Authority,1,5,WEBB,38,0,38,2022-07-01T00:00:00.000,6007,0,16544,7608,0,14236.59,0.0,68326.72,7303.68,0.0,9460.87,99327.86,240-901
2021-2022,SUMMERSFSPCEREIMBURSEMENTS,00279,GARLAND ISD,Educational Institution,School Food Authority,10,2,DALLAS,22,0,22,2022-06-01T00:00:00.000,11120,0,26453,0,0,26354.4,0.0,109250.89,0.0,0.0,14054.12,149659.41,057-909
2021-2022,SUMMERSFSPCEREIMBURSEMENTS,06458,Boys & Girls Clubs in Texas,Private Non Profit Organization,Private Nonprofit,13,4,TRAVIS,25,0,25,2022-06-01T00:00:00.000,7798,0,22735,12233,0,18481.26,0.0,93895.55,11743.68,0.0,11265.09,135385.58,
2021-2022,SUMMERSFSPCEREIMBURSEMENTS,01525,CITY OF HOUSTON,Government Agency,Unit of Government,4,3,HARRIS,80,0,80,2022-07-01T00:00:00.000,20104,0,24052,0,0,47646.48,0.0,99334.76,0.0,0.0,12317.83,159299.07,101-
2021-2022,SUMMERSFSPCEREIMBURSEMENTS,00802,NATALIA ISD,Educational Institution,School Food Authority,20,4,MEDINA,1,0,1,2022-07-01T00:00:00.000,6,0,6,0,0,14.22,0.0,24.78,0.0,0.0,4.01,43.01,163-903
2021-2022,SUMMERSFSPCEREIMBURSEMENTS,06082,"STEPS TO EXCELLENCE, INC.",Private Non Profit Organization,Private Nonprofit,4,3,HARRIS,11,0,11,2022-07-01T00:00:00.000,5145,0,7185,560,0,12193.65,0.0,29674.05,537.6,0.0,4382.39,46787.69,
2021-2022,SUMMERSFSPCEREIMBURSEMENTS,00205,WYLIE ISD-WYLIE,Educational Institution,School Food Authority,10,2,COLLIN,1,0,1,2022-06-01T00:00:00.000,0,2302,2149,0,0,0.0,2209.92,8875.37,0.0,0.0,1199.93,12285.22,043-914
2021-2022,SUMMERSFSPCEREIMBURSEMENTS,06377,Britestar Community Center Inc,Private Non Profit Organization,Private Nonprofit,4,3,HARRIS,12,0,12,2022-07-01T00:00:00.000,0,0,10320,10320,0,0.0,0.0,42621.6,9907.2,0.0,5676.0,58204.8,
2021-2022,SUMMERSFSPCEREIMBURSEMENTS,00654,BEAUMONT ISD,Educational Institution,School Food Authority,5,3,JEFFERSON,14,0,14,2022-06-01T00:00:00.000,24182,0,34991,0,0,57311.34,0.0,144512.83,0.0,0.0,20816.38,222640.55,123-910
2021-2022,SUMMERSFSPCEREIMBURSEMENTS,05243,"Kids Bring Life, Inc.",Private Non Profit Organization,Private Nonprofit,10,2,DALLAS,50,0,50,2022-07-01T00:00:00.000,9011,0,32700,14795,0,21356.07,0.0,135051.0,14203.2,0.0,17998.75,188609.02,
2021-2022,SUMMERSFSPCEREIMBURSEMENTS,00844,NACOGDOCHES ISD,Educational Institution,School Food Authority,7,3,NACOGDOCHES,1,0,1,2022-08-01T00:00:00.000,301,0,345,0,0,713.37,0.0,1424.85,0.0,0.0,219.95,2358.17,174-904
2021-2022,SUMMERSFSPCEREIMBURSEMENTS,02237,DYESS AFB CDC DEVELOPMENT CENTER,Military Installation,Unit of Government,14,1,TAYLOR,1,0,1,2022-05-01T00:00:00.000,34,0,63,0,0,80.58,0.0,260.19,0.0,0.0,35.24,376.01,221-
2021-2022,SUMMERSFSPCEREIMBURSEMENTS,04119,J.E.W.E.L. Foundation,Private Non Profit Organization,Private Nonprofit,10,2,DALLAS,11,0,11,2022-05-01T00:00:00.000,0,0,301,0,0,0.0,0.0,1243.13,0.0,0.0,130.18,1373.31,
2021-2022,SUMMERSFSPCEREIMBURSEMENTS,04463,THE FIRST BAPTIST CHURCH OF KAUFMAN,Private Non Profit Organization,Private Nonprofit,10,2,KAUFMAN,1,0,1,2022-07-01T00:00:00.000,1277,0,1517,0,0,3026.49,0.0,6265.21,0.0,0.0,956.2,10247.9,
2021-2022,SUMMERSFSPCEREIMBURSEMENTS,00615,FT HANCOCK ISD,Educational Institution,School Food Authority,19,1,HUDSPETH,1,0,1,2022-05-01T00:00:00.000,53,0,102,0,0,125.61,0.0,421.26,0.0,0.0,56.58,603.45,115-901
2021-2022,SUMMERSFSPCEREIMBURSEMENTS,05823,Discovering Healthy Foods,Private Non Profit Organization,Private Nonprofit,4,3,HARRIS,20,0,20,2022-07-01T00:00:00.000,2977,0,27700,24723,0,7055.49,0.0,114401.0,23734.08,0.0,15584.8,160775.37,
2021-2022,SUMMERSFSPCEREIMBURSEMENTS,01041,MEADOW ISD,Educational Institution,School Food Authority,17,1,TERRY,1,0,1,2022-05-01T00:00:00.000,44,0,52,0,0,104.28,0.0,214.76,0.0,0.0,32.83,351.87,223-902
2021-2022,SUMMERSFSPCEREIMBURSEMENTS,00643,KIRBYVILLE ISD,Educational Institution,School Food Authority,5,3,JASPER,1,0,1,2022-06-01T00:00:00.000,532,0,935,0,0,1260.84,0.0,3861.55,0.0,0.0,529.41,5651.8,121-905
2021-2022,SUMMERSFSPCEREIMBURSEMENTS,01040,BROWNFIELD ISD,Educational Institution,School Food Authority,17,1,TERRY,2,0,2,2022-06-01T00:00:00.000,2197,0,2992,0,241,5206.89,0.0,12356.96,0.0,995.33,1914.57,20473.75,223-901
2021-2022,SUMMERSFSPCEREIMBURSEMENTS,06508,"Sower of Seeds International Ministries, Inc",Private Non Profit Organization,Private Nonprofit,11,2,TARRANT,5,0,5,2022-06-01T00:00:00.000,114,233,759,153,0,270.18,223.68,3134.67,146.88,0.0,328.13,4103.54,
2021-2022,SUMMERSFSPCEREIMBURSEMENTS,06308,OIMZION International Global Ministries & Missions,Private Non Profit Organization,Private Nonprofit,17,1,HALE,3,0,3,2022-08-01T00:00:00.000,0,0,91,386,295,0.0,0.0,375.83,370.56,1218.35,212.31,2177.05,
2021-2022,SUMMERSFSPCEREIMBURSEMENTS,06508,"Sower of Seeds International Ministries, Inc",Private Non Profit Organization,Private Nonprofit,11,2,TARRANT,1,0,1,2022-08-01T00:00:00.000,0,0,10,11,0,0.0,0.0,41.3,10.56,0.0,4.6,56.46,
2021-2022,SUMMERSFSPCEREIMBURSEMENTS,01024,LAKE WORTH ISD,Educational Institution,School Food Authority,11,2,TARRANT,2,0,2,2022-05-01T00:00:00.000,111,0,192,0,0,263.07,0.0,792.96,0.0,0.0,109.13,1165.16,220-910
2021-2022,SUMMERSFSPCEREIMBURSEMENTS,01017,ARLINGTON ISD,Educational Institution,School Food Authority,11,2,TARRANT,39,0,39,2022-06-01T00:00:00.000,59670,0,110539,0,0,141417.9,0.0,456526.07,0.0,0.0,61830.57,659774.54,220-901
2021-2022,SUMMERSFSPCEREIMBURSEMENTS,01893,ARMED SERVICES YMCA CHILD DEVELOPMENT CENTER,Private Non Profit Organization,Private Nonprofit,19,1,EL PASO,1,0,1,2022-07-01T00:00:00.000,1895,0,3215,0,0,4491.15,0.0,13277.95,0.0,0.0,1835.82,19604.92,071-
2021-2022,SUMMERSFSPCEREIMBURSEMENTS,00046,HOLLAND ISD,Educational Institution,School Food Authority,12,2,BELL,1,0,1,2022-06-01T00:00:00.000,576,0,871,0,0,1365.12,0.0,3597.23,0.0,0.0,512.07,5474.42,014-905
2021-2022,SUMMERSFSPCEREIMBURSEMENTS,00033,ELGIN ISD,Educational Institution,School Food Authority,13,4,BASTROP,6,0,6,2022-05-01T00:00:00.000,362,0,361,0,0,857.94,0.0,1490.93,0.0,0.0,241.2,2590.07,011-902
2021-2022,SUMMERSFSPCEREIMBURSEMENTS,05327,PRESERVATION OF LIFE INC.,Private Non Profit Organization,Private Nonprofit,4,3,HARRIS,11,0,11,2022-08-01T00:00:00.000,10412,0,10412,0,0,24676.44,0.0,43001.56,0.0,0.0,6950.01,74628.01,
2021-2022,SUMMERSFSPCEREIMBURSEMENTS,01602,JEFFERSON COUNTY PRECINCT 4,Government Agency,Unit of Government,5,3,JEFFERSON,2,0,2,2022-08-01T00:00:00.000,0,0,217,0,0,0.0,0.0,896.21,0.0,0.0,86.73,982.94,123-
2021-2022,SUMMERSFSPCEREIMBURSEMENTS,01214,"BOYS & GIRLS CLUB OF DENISON, INC",Private Non Profit Organization,Private Nonprofit,10,2,GRAYSON,1,0,1,2022-06-01T00:00:00.000,1320,0,3798,0,0,3128.4,0.0,15685.74,0.0,0.0,1952.84,20766.98,091-
2021-2022,SUMMERSFSPCEREIMBURSEMENTS,01636,CITYSQUARE,Private Non Profit Organization,Private Nonprofit,10,2,DALLAS,8,0,8,2022-05-01T00:00:00.000,148,0,369,197,0,350.76,0.0,1523.97,189.12,0.0,177.52,2241.37,057-
2021-2022,SUMMERSFSPCEREIMBURSEMENTS,00703,MUNDAY CISD,Educational Institution,School Food Authority,9,1,KNOX,1,0,1,2022-05-01T00:00:00.000,541,0,591,0,0,1282.17,0.0,2440.83,0.0,0.0,382.75,4105.75,138-903
2021-2022,SUMMERSFSPCEREIMBURSEMENTS,04873,"CUSTER ROAD UNITED METHODIST CHURCH, INC",Private Non Profit Organization,Private Nonprofit,10,2,COLLIN,1,0,1,2022-07-01T00:00:00.000,0,0,2566,0,0,0.0,0.0,10597.58,0.0,0.0,917.35,11514.93,
2021-2022,SUMMERSFSPCEREIMBURSEMENTS,00844,NACOGDOCHES ISD,Educational Institution,School Food Authority,7,3,NACOGDOCHES,1,0,1,2022-05-01T00:00:00.000,66,0,76,0,0,156.42,0.0,313.88,0.0,0.0,48.38,518.68,174-904
2021-2022,SUMMERSFSPCEREIMBURSEMENTS,01544,REGIONAL EAST TEXAS FOOD BANK,Private Non Profit Organization,Private Nonprofit,7,2,SMITH,18,0,18,2022-07-01T00:00:00.000,3829,0,6693,0,0,9074.73,0.0,27642.09,0.0,0.0,3794.54,40511.36,212-
2021-2022,SUMMERSFSPCEREIMBURSEMENTS,01568,KICKAPOO TRADITIONAL TRIBE OF TEXAS,Indian Tribe,Unit of Government,20,4,MAVERICK,1,0,1,2022-07-01T00:00:00.000,345,0,345,0,0,817.65,0.0,1424.85,0.0,0.0,230.29,2472.79,159-
2021-2022,SUMMERSFSPCEREIMBURSEMENTS,00046,HOLLAND ISD,Educational Institution,School Food Authority,12,2,BELL,1,0,1,2022-05-01T00:00:00.000,85,0,129,0,0,201.45,0.0,532.77,0.0,0.0,75.77,809.99,014-905
2021-2022,SUMMERSFSPCEREIMBURSEMENTS,04405,Nutrition Transitions,Private Non Profit Organization,Private Nonprofit,4,3,DALLAS,21,0,21,2022-06-01T00:00:00.000,6089,0,8444,14051,12434,14430.93,0.0,34873.72,13488.96,51352.42,12111.65,126257.68,
2021-2022,SUMMERSFSPCEREIMBURSEMENTS,00045,BELTON ISD,Educational Institution,School Food Authority,12,2,BELL,3,0,3,2022-07-01T00:00:00.000,0,0,653,0,0,0.0,0.0,2696.89,0.0,0.0,282.42,2979.31,014-903
2021-2022,SUMMERSFSPCEREIMBURSEMENTS,00138,SOMERVILLE ISD,Educational Institution,School Food Authority,6,3,BURLESON,1,0,1,2022-07-01T00:00:00.000,264,0,570,0,0,625.68,0.0,2354.1,0.0,0.0,308.57,3288.35,026-902
2021-2022,SUMMERSFSPCEREIMBURSEMENTS,01534,THE HOUSTON FOOD BANK,Private Non Profit Organization,Private Nonprofit,4,3,GALVESTON,79,0,79,2022-08-01T00:00:00.000,9423,0,13867,72,0,22332.51,0.0,57270.71,69.12,0.0,8220.35,87892.69,101-
2021-2022,SUMMERSFSPCEREIMBURSEMENTS,06083,"""With Helping Hands"" serving nutritious meals",Private Non Profit Organization,Private Nonprofit,4,3,HARRIS,7,0,7,2022-05-01T00:00:00.000,0,0,50,0,313,0.0,0.0,206.5,0.0,1292.69,157.0,1656.19,
2021-2022,SUMMERSFSPCEREIMBURSEMENTS,00665,CLEBURNE ISD,Educational Institution,School Food Authority,11,2,JOHNSON,3,0,3,2022-07-01T00:00:00.000,334,0,908,0,0,791.58,0.0,3750.04,0.0,0.0,471.2,5012.82,126-903
2021-2022,SUMMERSFSPCEREIMBURSEMENTS,00222,GAINESVILLE ISD,Educational Institution,School Food Authority,11,2,COOKE,7,0,7,2022-06-01T00:00:00.000,3994,0,7120,0,0,9465.78,0.0,29405.6,0.0,0.0,4017.99,42889.37,049-901
2021-2022,SUMMERSFSPCEREIMBURSEMENTS,01024,LAKE WORTH ISD,Educational Institution,School Food Authority,11,2,TARRANT,1,0,1,2022-07-01T00:00:00.000,931,0,1548,0,0,2206.47,0.0,6393.24,0.0,0.0,888.3,9488.01,220-910
2021-2022,SUMMERSFSPCEREIMBURSEMENTS,00283,MESQUITE ISD,Educational Institution,School Food Authority,10,2,DALLAS,17,0,17,2022-07-01T00:00:00.000,569,0,4588,0,0,1348.53,0.0,18948.44,0.0,0.0,2118.03,22415.0,057-914
2021-2022,SUMMERSFSPCEREIMBURSEMENTS,01685,"BOYS & GIRLS CLUBS OF AUSTIN COUNTY, INC",Private Non Profit Organization,Private Nonprofit,6,3,AUSTIN,1,0,1,2022-06-01T00:00:00.000,0,0,1710,1835,0,0.0,0.0,7062.3,1761.6,0.0,955.19,9779.09,
2021-2022,SUMMERSFSPCEREIMBURSEMENTS,03793,"Urban Change for Life Center, Inc.",Private Non Profit Organization,Private Nonprofit,10,2,DALLAS,19,0,19,2022-08-01T00:00:00.000,14414,0,14990,0,0,34161.18,0.0,61908.7,0.0,0.0,9870.47,105940.35,
2021-2022,SUMMERSFSPCEREIMBURSEMENTS,01156,LEANDER ISD,Educational Institution,School Food Authority,13,4,WILLIAMSON,3,0,3,2022-06-01T00:00:00.000,2567,0,2821,0,0,6083.79,0.0,11650.73,0.0,0.0,1823.33,19557.85,246-913
2021-2022,SUMMERSFSPCEREIMBURSEMENTS,00615,FT HANCOCK ISD,Educational Institution,School Food Authority,19,1,HUDSPETH,1,0,1,2022-06-01T00:00:00.000,1253,0,2045,0,0,2969.61,0.0,8445.85,0.0,0.0,1178.92,12594.38,115-901
2021-2022,SUMMERSFSPCEREIMBURSEMENTS,06668,I.C.U. Independent Community Uplift,Private Non Profit Organization,Private Nonprofit,10,2,DALLAS,28,0,28,2022-07-01T00:00:00.000,18586,0,18586,0,0,44048.82,0.0,76760.18,0.0,0.0,12406.16,133215.16,
2021-2022,SUMMERSFSPCEREIMBURSEMENTS,04742,Be A Champion Inc.,Private Non Profit Organization,Private Nonprofit,4,3,HARRIS,91,0,91,2022-06-01T00:00:00.000,19784,0,28039,1584,586,46888.08,0.0,115801.07,1520.64,2420.18,14157.49,180787.46,
2021-2022,SUMMERSFSPCEREIMBURSEMENTS,03974,P.L.A.Y.S. (Positive Leadership Advances Youth Self Development),Private Non Profit Organization,Private Nonprofit,10,2,DALLAS,5,0,5,2022-07-01T00:00:00.000,1767,0,3307,1950,0,4187.79,0.0,13657.91,1872.0,0.0,1689.53,21407.23,
2021-2022,SUMMERSFSPCEREIMBURSEMENTS,05255,"FOOD ALWAYS, INC.",Private Non Profit Organization,Private Nonprofit,4,3,HARRIS,10,0,10,2022-06-01T00:00:00.000,6358,0,10302,0,0,15068.46,0.0,42547.26,0.0,0.0,5949.75,63565.47,
2021-2022,SUMMERSFSPCEREIMBURSEMENTS,01518,"THE BOYS AND GIRLS CLUBS OF VERNON, INC",Private Non Profit Organization,Private Nonprofit,9,2,WILBARGER,2,0,2,2022-06-01T00:00:00.000,1804,0,5569,0,0,4275.48,0.0,22999.97,0.0,0.0,2832.53,30107.98,244-
2021-2022,SUMMERSFSPCEREIMBURSEMENTS,00524,KATY ISD,Educational Institution,School Food Authority,4,3,HARRIS,1,0,1,2022-05-01T00:00:00.000,0,0,26,0,0,0.0,0.0,107.38,0.0,0.0,11.25,118.63,101-914
2021-2022,SUMMERSFSPCEREIMBURSEMENTS,06317,KIDS GRAB ON THE GO,Private Non Profit Organization,Private Nonprofit,10,2,DAWSON,8,0,8,2022-05-01T00:00:00.000,1580,0,1580,0,0,3744.6,0.0,6525.4,0.0,0.0,1054.65,11324.65,
2021-2022,SUMMERSFSPCEREIMBURSEMENTS,07119,Marlin Renewal Outreach Center,Private Non Profit Organization,Private Nonprofit,12,2,FALLS,1,0,1,2022-07-01T00:00:00.000,2100,0,2100,0,0,4977.0,0.0,8673.0,0.0,0.0,1401.75,15051.75,
2021-2022,SUMMERSFSPCEREIMBURSEMENTS,05143,SOMEONE WHO CARES MINISTRIES,Private Non Profit Organization,Private Nonprofit,10,2,DALLAS,3,0,3,2022-06-01T00:00:00.000,6373,0,7277,0,0,15104.01,0.0,30054.01,0.0,0.0,4644.96,49802.98,
2021-2022,SUMMERSFSPCEREIMBURSEMENTS,01568,KICKAPOO TRADITIONAL TRIBE OF TEXAS,Indian Tribe,Unit of Government,20,4,MAVERICK,1,0,1,2022-06-01T00:00:00.000,392,0,392,0,0,929.04,0.0,1618.96,0.0,0.0,261.66,2809.66,159-
2021-2022,SUMMERSFSPCEREIMBURSEMENTS,05920,UNIQUE PIECES INC.,Private Non Profit Organization,Private Nonprofit,10,2,DALLAS,14,0,14,2022-07-01T00:00:00.000,3550,0,15267,10871,0,8413.5,0.0,63052.71,10436.16,0.0,8714.57,90616.94,
2021-2022,SUMMERSFSPCEREIMBURSEMENTS,06317,KIDS GRAB ON THE GO,Private Non Profit Organization,Private Nonprofit,10,2,DAWSON,9,0,9,2022-07-01T00:00:00.000,16878,0,16878,0,0,40000.86,0.0,69706.14,0.0,0.0,11266.07,120973.07,
2021-2022,SUMMERSFSPCEREIMBURSEMENTS,01122,LAREDO ISD,Educational Institution,School Food Authority,1,5,WEBB,61,0,61,2022-06-01T00:00:00.000,37774,0,58936,8469,0,89524.38,0.0,243405.68,8130.24,0.0,35361.82,376422.12,240-901
2021-2022,SUMMERSFSPCEREIMBURSEMENTS,03152,"ROLLING PLAINS MANAGEMENT CORPORATION OF BAYLOR, COTTLE, FOARD,",Private Non Profit Organization,Private Nonprofit,9,2,FOARD,1,0,1,2022-06-01T00:00:00.000,0,0,770,0,0,0.0,0.0,3180.1,0.0,0.0,333.03,3513.13,078-
2021-2022,SUMMERSFSPCEREIMBURSEMENTS,06834,K-Nation Group,Private Non Profit Organization,Private Nonprofit,10,2,DALLAS,9,0,9,2022-06-01T00:00:00.000,5241,0,5317,0,0,12421.17,0.0,21959.21,0.0,0.0,3531.24,37911.62,
2021-2022,SUMMERSFSPCEREIMBURSEMENTS,04463,THE FIRST BAPTIST CHURCH OF KAUFMAN,Private Non Profit Organization,Private Nonprofit,10,2,KAUFMAN,1,0,1,2022-06-01T00:00:00.000,1515,0,1949,0,0,3590.55,0.0,8049.37,0.0,0.0,1198.97,12838.89,
2021-2022,SUMMERSFSPCEREIMBURSEMENTS,06533,THE SWEETWATER HOUSE OF PEACE,Private Non Profit Organization,Private Nonprofit,14,1,NOLAN,1,0,1,2022-07-01T00:00:00.000,0,0,1505,0,0,0.0,0.0,6215.65,0.0,0.0,650.91,6866.56,
2021-2022,SUMMERSFSPCEREIMBURSEMENTS,04119,J.E.W.E.L. Foundation,Private Non Profit Organization,Private Nonprofit,10,2,DALLAS,23,0,23,2022-07-01T00:00:00.000,525,0,13006,0,925,1244.25,0.0,53714.78,0.0,3820.25,6148.54,64927.82,
2021-2022,SUMMERSFSPCEREIMBURSEMENTS,02274,"EL PASO HUMAN SERVICES, INC.",Private Non Profit Organization,Private Nonprofit,19,1,EL PASO,3,0,3,2022-07-01T00:00:00.000,1642,0,1197,93,0,3891.54,0.0,4943.61,89.28,0.0,914.5,9838.93,071-
2021-2022,SUMMERSFSPCEREIMBURSEMENTS,04405,Nutrition Transitions,Private Non Profit Organization,Private Nonprofit,4,3,DALLAS,20,0,20,2022-08-01T00:00:00.000,3610,0,5260,8072,6980,8555.7,0.0,21723.8,7749.12,28827.4,7090.61,73946.63,
2021-2022,SUMMERSFSPCEREIMBURSEMENTS,01535,"SOUTH PLAINS FOOD BANK, INC.",Private Non Profit Organization,Private Nonprofit,17,1,LUBBOCK,10,0,10,2022-08-01T00:00:00.000,295,0,1656,978,0,699.15,0.0,6839.28,938.88,0.0,900.47,9377.78,152-
2021-2022,SUMMERSFSPCEREIMBURSEMENTS,00884,WEST ORANGE-COVE CONS ISD,Educational Institution,School Food Authority,5,3,ORANGE,9,0,9,2022-07-01T00:00:00.000,684,0,1648,218,118,1621.08,0.0,6806.24,209.28,487.34,950.16,10074.1,181-906
2021-2022,SUMMERSFSPCEREIMBURSEMENTS,06928,DFW Economic Solutions,Private Non Profit Organization,Private Nonprofit,10,2,DALLAS,18,0,18,2022-06-01T00:00:00.000,33301,0,33873,733,733,78923.37,0.0,139895.49,703.68,3027.29,22878.96,245428.79,
2021-2022,SUMMERSFSPCEREIMBURSEMENTS,01647,VICTORY COVENANT COMMUNITY MINISTRY,Private Non Profit Organization,Private Nonprofit,10,2,DALLAS,5,0,5,2022-07-01T00:00:00.000,6940,0,10855,3875,0,16447.8,0.0,44831.15,3720.0,0.0,6781.0,71779.95,057-
2021-2022,SUMMERSFSPCEREIMBURSEMENTS,00349,YSLETA ISD,Educational Institution,School Food Authority,19,1,EL PASO,28,0,28,2022-06-01T00:00:00.000,23701,0,39930,0,0,56171.37,0.0,164910.9,0.0,0.0,22839.47,243921.74,071-905
2021-2022,SUMMERSFSPCEREIMBURSEMENTS,05259,K12 ENRICHMENT ACADEMY,Private Non Profit Organization,Private Nonprofit,10,2,DALLAS,2,0,2,2022-07-01T00:00:00.000,0,0,2505,0,0,0.0,0.0,10345.65,0.0,0.0,895.54,11241.19,
2021-2022,SUMMERSFSPCEREIMBURSEMENTS,04660,NORA'S WOMEN OF PURPOSE,Private Non Profit Organization,Private Nonprofit,10,2,DALLAS,26,0,26,2022-08-01T00:00:00.000,9115,0,9115,0,0,21602.55,0.0,37644.95,0.0,0.0,6084.27,65331.77,
2021-2022,SUMMERSFSPCEREIMBURSEMENTS,01138,WICHITA FALLS ISD,Educational Institution,School Food Authority,9,2,WICHITA,10,0,10,2022-06-01T00:00:00.000,3616,0,6584,0,0,8569.92,0.0,27191.92,0.0,0.0,3697.34,39459.18,243-905
2021-2022,SUMMERSFSPCEREIMBURSEMENTS,02237,DYESS AFB CDC DEVELOPMENT CENTER,Military Installation,Unit of Government,14,1,TAYLOR,1,0,1,2022-07-01T00:00:00.000,830,0,1134,0,0,1967.1,0.0,4683.42,0.0,0.0,685.51,7336.03,221-
2021-2022,SUMMERSFSPCEREIMBURSEMENTS,00345,CLINT ISD,Educational Institution,School Food Authority,19,1,EL PASO,1,0,1,2022-05-01T00:00:00.000,98,0,85,0,0,232.26,0.0,351.05,0.0,0.0,59.79,643.1,071-901
2021-2022,SUMMERSFSPCEREIMBURSEMENTS,05327,PRESERVATION OF LIFE INC.,Private Non Profit Organization,Private Nonprofit,4,3,HARRIS,11,0,11,2022-07-01T00:00:00.000,18465,0,18835,0,0,43762.05,0.0,77788.55,0.0,0.0,12485.42,134036.02,
2021-2022,SUMMERSFSPCEREIMBURSEMENTS,00712,OLTON ISD,Educational Institution,School Food Authority,17,1,LAMB,1,0,1,2022-06-01T00:00:00.000,989,0,1222,0,0,2343.93,0.0,5046.86,0.0,0.0,760.94,8151.73,140-905
2021-2022,SUMMERSFSPCEREIMBURSEMENTS,03554,"YOUNG WOMENS CHRISTIAN ASSOCIATION OF LUBBOCK, TEX",Private Non Profit Organization,Private Nonprofit,17,1,LUBBOCK,2,0,2,2022-08-01T00:00:00.000,0,0,1158,928,0,0.0,0.0,4782.54,890.88,0.0,609.88,6283.3,152-
2021-2022,SUMMERSFSPCEREIMBURSEMENTS,01034,ABILENE ISD,Educational Institution,School Food Authority,14,1,TAYLOR,16,0,16,2022-06-01T00:00:00.000,10603,0,22777,0,0,25129.11,0.0,94069.01,0.0,0.0,12342.76,131540.88,221-901
2021-2022,SUMMERSFSPCEREIMBURSEMENTS,00686,TERRELL ISD,Educational Institution,School Food Authority,10,2,KAUFMAN,4,0,4,2022-06-01T00:00:00.000,5268,0,9204,0,0,12485.16,0.0,38012.52,0.0,0.0,5218.71,55716.39,129-906
2021-2022,SUMMERSFSPCEREIMBURSEMENTS,01576,"Central Texas Food Bank, Inc.",Private Non Profit Organization,Private Nonprofit,13,4,TRAVIS,42,0,42,2022-06-01T00:00:00.000,4361,0,8910,5038,0,10335.57,0.0,36798.3,4836.48,0.0,5470.39,57440.74,227-
2021-2022,SUMMERSFSPCEREIMBURSEMENTS,03802,Purple Hearts Inc,Private Non Profit Organization,Private Nonprofit,11,2,TARRANT,18,0,18,2022-07-01T00:00:00.000,4030,0,9384,3202,4920,9551.1,0.0,38755.92,3073.92,20319.6,7509.77,79210.31,
2021-2022,SUMMERSFSPCEREIMBURSEMENTS,06480,South Texas Juvenile Diabetes Association,Private Non Profit Organization,Private Nonprofit,1,5,HIDALGO,1,0,1,2022-08-01T00:00:00.000,0,50,0,44,0,0.0,48.0,0.0,42.24,0.0,11.05,101.29,
2021-2022,SUMMERSFSPCEREIMBURSEMENTS,00703,MUNDAY CISD,Educational Institution,School Food Authority,9,1,KNOX,1,0,1,2022-06-01T00:00:00.000,558,0,796,0,0,1322.46,0.0,3287.48,0.0,0.0,475.4,5085.34,138-903
2021-2022,SUMMERSFSPCEREIMBURSEMENTS,01534,THE HOUSTON FOOD BANK,Private Non Profit Organization,Private Nonprofit,4,3,GALVESTON,117,0,117,2022-06-01T00:00:00.000,31019,0,43981,793,0,73515.03,0.0,181641.53,761.28,0.0,26404.43,282322.27,101-
2021-2022,SUMMERSFSPCEREIMBURSEMENTS,05778,PURPOSE DRIVEN MINISTRIES,Private Non Profit Organization,Nonresidential Summer Camp,11,2,TARRANT,13,0,13,2022-07-01T00:00:00.000,12568,0,2787,0,11077,29786.16,0.0,11510.31,0.0,45748.01,8949.66,95994.14,
2021-2022,SUMMERSFSPCEREIMBURSEMENTS,00531,SHELDON ISD,Educational Institution,School Food Authority,4,3,HARRIS,2,0,2,2022-07-01T00:00:00.000,151,0,374,0,0,357.87,0.0,1544.62,0.0,0.0,197.25,2099.74,101-924
2021-2022,SUMMERSFSPCEREIMBURSEMENTS,01632,COMMANDER US ARMY AIR DEFENSE CENTER,Military Installation,Unit of Government,19,1,EL PASO,1,0,1,2022-07-01T00:00:00.000,0,0,808,0,0,0.0,0.0,3337.04,0.0,0.0,349.46,3686.5,071-
2021-2022,SUMMERSFSPCEREIMBURSEMENTS,01550,HIGH PLAINS FOOD BANK,Private Non Profit Organization,Private Nonprofit,16,1,POTTER,3,0,3,2022-06-01T00:00:00.000,1021,0,1178,0,440,2419.77,0.0,4865.14,0.0,1817.2,939.73,10041.84,188-
2021-2022,SUMMERSFSPCEREIMBURSEMENTS,00045,BELTON ISD,Educational Institution,School Food Authority,12,2,BELL,3,0,3,2022-05-01T00:00:00.000,0,0,75,0,0,0.0,0.0,309.75,0.0,0.0,32.44,342.19,014-903
2021-2022,SUMMERSFSPCEREIMBURSEMENTS,06670,"Healthy Kids and Teens of South Texas, Inc.",Private Non Profit Organization,Private Nonprofit,1,5,HIDALGO,2,0,2,2022-06-01T00:00:00.000,139,0,241,0,0,329.43,0.0,995.33,0.0,0.0,136.9,1461.66,
2021-2022,SUMMERSFSPCEREIMBURSEMENTS,00336,MILFORD ISD,Educational Institution,School Food Authority,10,2,ELLIS,1,0,1,2022-06-01T00:00:00.000,0,0,133,0,0,0.0,0.0,549.29,0.0,0.0,57.52,606.81,070-909
2021-2022,SUMMERSFSPCEREIMBURSEMENTS,06670,"Healthy Kids and Teens of South Texas, Inc.",Private Non Profit Organization,Private Nonprofit,1,5,HIDALGO,2,0,2,2022-07-01T00:00:00.000,3318,0,3617,0,0,7863.66,0.0,14938.21,0.0,0.0,2344.08,25145.95,
2021-2022,SUMMERSFSPCEREIMBURSEMENTS,05823,Discovering Healthy Foods,Private Non Profit Organization,Private Nonprofit,4,3,HARRIS,17,0,17,2022-08-01T00:00:00.000,750,0,15195,14445,0,1777.5,0.0,62755.35,13867.2,0.0,8445.38,86845.43,
2021-2022,SUMMERSFSPCEREIMBURSEMENTS,06480,South Texas Juvenile Diabetes Association,Private Non Profit Organization,Private Nonprofit,1,5,HIDALGO,3,0,3,2022-07-01T00:00:00.000,149,233,194,162,0,353.13,223.68,801.22,155.52,0.0,165.35,1698.9,
2021-2022,SUMMERSFSPCEREIMBURSEMENTS,00844,NACOGDOCHES ISD,Educational Institution,School Food Authority,7,3,NACOGDOCHES,8,0,8,2022-06-01T00:00:00.000,6739,0,15247,0,0,15971.43,0.0,62970.11,0.0,0.0,8178.0,87119.54,174-904
2021-2022,SUMMERSFSPCEREIMBURSEMENTS,00686,TERRELL ISD,Educational Institution,School Food Authority,10,2,KAUFMAN,4,0,4,2022-07-01T00:00:00.000,656,0,1114,0,0,1554.72,0.0,4600.82,0.0,0.0,610.58,6766.12,129-906
2021-2022,SUMMERSFSPCEREIMBURSEMENTS,01602,JEFFERSON COUNTY PRECINCT 4,Government Agency,Unit of Government,5,3,JEFFERSON,2,0,2,2022-06-01T00:00:00.000,0,0,835,0,0,0.0,0.0,3448.55,0.0,0.0,328.14,3776.69,123-
2021-2022,SUMMERSFSPCEREIMBURSEMENTS,01512,"FORT WORTH COUNTRY DAY SCHOOL, INC.",Private Non Profit Organization,Private Nonprofit,11,2,TARRANT,1,0,1,2022-07-01T00:00:00.000,3523,0,3636,0,0,8349.51,0.0,15016.68,0.0,0.0,1951.63,25317.82,220-
2021-2022,SUMMERSFSPCEREIMBURSEMENTS,01214,"BOYS & GIRLS CLUB OF DENISON, INC",Private Non Profit Organization,Private Nonprofit,10,2,GRAYSON,1,0,1,2022-07-01T00:00:00.000,1266,0,2985,0,0,3000.42,0.0,12328.05,0.0,0.0,1588.52,16916.99,091-
2021-2022,SUMMERSFSPCEREIMBURSEMENTS,01549,WEST TEXAS FOOD BANK,Private Non Profit Organization,Private Nonprofit,18,1,ECTOR,11,0,11,2022-07-01T00:00:00.000,0,0,8215,5025,0,0.0,0.0,33927.95,4824.0,0.0,4143.43,42895.38,068-
2021-2022,SUMMERSFSPCEREIMBURSEMENTS,05656,"Kidz Grub, Inc.",Private Non Profit Organization,Private Nonprofit,4,3,HARRIS,9,0,9,2022-07-01T00:00:00.000,0,0,12795,8459,0,0.0,0.0,52843.35,8120.64,0.0,6527.77,67491.76,
2021-2022,SUMMERSFSPCEREIMBURSEMENTS,00983,TENAHA ISD,Educational Institution,School Food Authority,7,3,SHELBY,1,0,1,2022-06-01T00:00:00.000,746,0,876,0,0,1768.02,0.0,3617.88,0.0,0.0,554.18,5940.08,210-904
2021-2022,SUMMERSFSPCEREIMBURSEMENTS,02274,"EL PASO HUMAN SERVICES, INC.",Private Non Profit Organization,Private Nonprofit,19,1,EL PASO,3,0,3,2022-06-01T00:00:00.000,1146,0,1211,44,0,2716.02,0.0,5001.43,42.24,0.0,798.24,8557.93,071-
2021-2022,SUMMERSFSPCEREIMBURSEMENTS,00413,FREDERICKSBURG ISD,Educational Institution,School Food Authority,13,4,GILLESPIE,1,0,1,2022-07-01T00:00:00.000,288,0,426,0,0,682.56,0.0,1759.38,0.0,0.0,251.93,2693.87,086-901
2021-2022,SUMMERSFSPCEREIMBURSEMENTS,00298,PILOT POINT ISD,Educational Institution,School Food Authority,11,2,DENTON,1,0,1,2022-06-01T00:00:00.000,221,0,468,0,0,523.77,0.0,1932.84,0.0,0.0,254.35,2710.96,061-903
2021-2022,SUMMERSFSPCEREIMBURSEMENTS,02237,DYESS AFB CDC DEVELOPMENT CENTER,Military Installation,Unit of Government,14,1,TAYLOR,1,0,1,2022-06-01T00:00:00.000,633,0,1326,0,0,1500.21,0.0,5476.38,0.0,0.0,722.26,7698.85,221-
2021-2022,SUMMERSFSPCEREIMBURSEMENTS,00529,SPRING BRANCH ISD,Educational Institution,School Food Authority,4,3,HARRIS,1,0,1,2022-08-01T00:00:00.000,23,0,247,0,0,54.51,0.0,1020.11,0.0,0.0,112.24,1186.86,101-920
2021-2022,SUMMERSFSPCEREIMBURSEMENTS,04323,Kids Cove Community Outreach,Private Non Profit Organization,Private Nonprofit,10,2,DALLAS,13,0,13,2022-07-01T00:00:00.000,10646,0,10814,0,0,25231.02,0.0,44661.82,0.0,0.0,7178.87,77071.71,
2021-2022,SUMMERSFSPCEREIMBURSEMENTS,01636,CITYSQUARE,Private Non Profit Organization,Private Nonprofit,10,2,DALLAS,129,0,129,2022-07-01T00:00:00.000,7944,57,66710,28705,0,18827.28,54.72,275512.3,27556.8,0.0,27978.95,349930.05,057-
2021-2022,SUMMERSFSPCEREIMBURSEMENTS,00279,GARLAND ISD,Educational Institution,School Food Authority,10,2,DALLAS,7,0,7,2022-07-01T00:00:00.000,368,0,619,0,0,872.16,0.0,2556.47,0.0,0.0,354.2,3782.83,057-909
2021-2022,SUMMERSFSPCEREIMBURSEMENTS,00448,SEGUIN ISD,Educational Institution,School Food Authority,13,4,GUADALUPE,1,0,1,2022-08-01T00:00:00.000,941,0,0,0,0,2230.17,0.0,0.0,0.0,0.0,221.14,2451.31,094-901
2021-2022,SUMMERSFSPCEREIMBURSEMENTS,01538,"MARCANA ENTERPRISES, INC",Private Non Profit Organization,Private Nonprofit,19,1,EL PASO,24,0,24,2022-06-01T00:00:00.000,6417,0,19949,0,2449,15208.29,0.0,82389.37,0.0,10114.37,11195.13,118907.16,071-
2021-2022,SUMMERSFSPCEREIMBURSEMENTS,05561,"Boys and Girls Club of Hill County, Texas, Incorporated",Private Non Profit Organization,Private Nonprofit,12,2,HILL,1,0,1,2022-06-01T00:00:00.000,0,0,1007,0,0,0.0,0.0,4158.91,0.0,0.0,435.53,4594.44,
2021-2022,SUMMERSFSPCEREIMBURSEMENTS,00766,STANTON ISD,Educational Institution,School Food Authority,18,1,MARTIN,1,0,1,2022-05-01T00:00:00.000,56,0,113,0,0,132.72,0.0,466.69,0.0,0.0,62.03,661.44,156-902
2021-2022,SUMMERSFSPCEREIMBURSEMENTS,00654,BEAUMONT ISD,Educational Institution,School Food Authority,5,3,JEFFERSON,3,0,3,2022-07-01T00:00:00.000,894,0,1194,0,0,2118.78,0.0,4931.22,0.0,0.0,726.5,7776.5,123-910
2021-2022,SUMMERSFSPCEREIMBURSEMENTS,01017,ARLINGTON ISD,Educational Institution,School Food Authority,11,2,TARRANT,12,0,12,2022-08-01T00:00:00.000,1392,0,4226,0,0,3299.04,0.0,17453.38,0.0,0.0,2154.87,22907.29,220-901
2021-2022,SUMMERSFSPCEREIMBURSEMENTS,00521,GOOSE CREEK CISD,Educational Institution,School Food Authority,4,3,HARRIS,13,0,13,2022-07-01T00:00:00.000,758,0,2957,0,0,1796.46,0.0,12212.41,0.0,0.0,1457.03,15465.9,101-911
2021-2022,SUMMERSFSPCEREIMBURSEMENTS,00307,CUERO ISD,Educational Institution,School Food Authority,3,3,DEWITT,1,0,1,2022-05-01T00:00:00.000,0,0,5,0,0,0.0,0.0,20.65,0.0,0.0,2.16,22.81,062-901
2021-2022,SUMMERSFSPCEREIMBURSEMENTS,05241,"THE FIRST PRESBYTERIAN CHURCH OF COLORADO CITY, TEXAS",Private Non Profit Organization,Private Nonprofit,14,1,MITCHELL,1,0,1,2022-07-01T00:00:00.000,0,0,302,0,0,0.0,0.0,1247.26,0.0,0.0,130.62,1377.88,
2021-2022,SUMMERSFSPCEREIMBURSEMENTS,01017,ARLINGTON ISD,Educational Institution,School Food Authority,11,2,TARRANT,3,0,3,2022-05-01T00:00:00.000,106,0,111,0,0,251.22,0.0,458.43,0.0,0.0,72.92,782.57,220-901
2021-2022,SUMMERSFSPCEREIMBURSEMENTS,00333,FERRIS ISD,Educational Institution,School Food Authority,10,2,ELLIS,2,0,2,2022-05-01T00:00:00.000,84,0,409,0,0,199.08,0.0,1689.17,0.0,0.0,196.63,2084.88,070-905
2021-2022,SUMMERSFSPCEREIMBURSEMENTS,02237,DYESS AFB CDC DEVELOPMENT CENTER,Military Installation,Unit of Government,14,1,TAYLOR,1,0,1,2022-08-01T00:00:00.000,528,0,720,0,0,1251.36,0.0,2973.6,0.0,0.0,435.48,4660.44,221-
2021-2022,SUMMERSFSPCEREIMBURSEMENTS,03802,Purple Hearts Inc,Private Non Profit Organization,Private Nonprofit,11,2,TARRANT,20,0,20,2022-06-01T00:00:00.000,7484,0,13289,4475,2090,17737.08,0.0,54883.57,4296.0,8631.7,8935.97,94484.32,
2021-2022,SUMMERSFSPCEREIMBURSEMENTS,00181,CHILDRESS ISD,Educational Institution,School Food Authority,16,1,CHILDRESS,1,0,1,2022-05-01T00:00:00.000,0,0,19,0,0,0.0,0.0,78.47,0.0,0.0,8.22,86.69,038-901
2021-2022,SUMMERSFSPCEREIMBURSEMENTS,00969,SINTON ISD,Educational Institution,School Food Authority,2,5,SAN PATRICIO,1,0,1,2022-07-01T00:00:00.000,172,0,577,0,0,407.64,0.0,2383.01,0.0,0.0,289.97,3080.62,205-906
2021-2022,SUMMERSFSPCEREIMBURSEMENTS,04119,J.E.W.E.L. Foundation,Private Non Profit Organization,Private Nonprofit,10,2,DALLAS,21,0,21,2022-06-01T00:00:00.000,222,0,8121,0,665,526.14,0.0,33539.73,0.0,2746.45,3852.11,40664.43,
2021-2022,SUMMERSFSPCEREIMBURSEMENTS,00674,HAWLEY ISD,Educational Institution,School Food Authority,14,1,JONES,1,0,1,2022-05-01T00:00:00.000,0,0,71,0,0,0.0,0.0,293.23,0.0,0.0,30.71,323.94,127-904
2021-2022,SUMMERSFSPCEREIMBURSEMENTS,01519,UNIVERSITY OF TEXAS AT ARLINGTON,Educational Institution,Residential Camp,11,2,TARRANT,1,0,1,2022-07-01T00:00:00.000,253,0,254,0,239,599.61,0.0,1049.02,0.0,987.07,223.06,2858.76,220-
2021-2022,SUMMERSFSPCEREIMBURSEMENTS,03689,"S.Tracy Howard Project, Inc.",Private Non Profit Organization,Private Nonprofit,11,2,DENTON,24,0,24,2022-06-01T00:00:00.000,22202,0,22755,0,0,52618.74,0.0,93978.15,0.0,0.0,15059.01,161655.9,
2021-2022,SUMMERSFSPCEREIMBURSEMENTS,03689,"S.Tracy Howard Project, Inc.",Private Non Profit Organization,Private Nonprofit,11,2,DENTON,15,0,15,2022-05-01T00:00:00.000,699,0,742,0,0,1656.63,0.0,3064.46,0.0,0.0,485.19,5206.28,
2021-2022,SUMMERSFSPCEREIMBURSEMENTS,00381,FLOYDADA ISD,Educational Institution,School Food Authority,17,1,FLOYD,1,0,1,2022-07-01T00:00:00.000,0,0,782,0,0,0.0,0.0,3229.66,0.0,0.0,338.22,3567.88,077-901
2021-2022,SUMMERSFSPCEREIMBURSEMENTS,00403,GALVESTON ISD,Educational Institution,School Food Authority,4,3,GALVESTON,8,0,8,2022-07-01T00:00:00.000,3647,0,3675,0,0,8643.39,0.0,15177.75,0.0,0.0,2326.09,26147.23,084-902
2021-2022,SUMMERSFSPCEREIMBURSEMENTS,00011,LUFKIN ISD,Educational Institution,School Food Authority,7,3,ANGELINA,8,0,8,2022-06-01T00:00:00.000,7015,0,14385,0,0,16625.55,0.0,59410.05,0.0,0.0,7870.04,83905.64,003-903
2021-2022,SUMMERSFSPCEREIMBURSEMENTS,07119,Marlin Renewal Outreach Center,Private Non Profit Organization,Private Nonprofit,12,2,FALLS,1,0,1,2022-06-01T00:00:00.000,1200,0,1200,0,0,2844.0,0.0,4956.0,0.0,0.0,801.0,8601.0,
2021-2022,SUMMERSFSPCEREIMBURSEMENTS,05255,"FOOD ALWAYS, INC.",Private Non Profit Organization,Private Nonprofit,4,3,HARRIS,10,0,10,2022-07-01T00:00:00.000,15090,0,15374,0,0,35763.3,0.0,63494.62,0.0,0.0,10195.41,109453.33,
2021-2022,SUMMERSFSPCEREIMBURSEMENTS,00024,PLEASANTON ISD,Educational Institution,School Food Authority,20,4,ATASCOSA,1,0,1,2022-07-01T00:00:00.000,222,0,547,0,0,526.14,0.0,2259.11,0.0,0.0,288.75,3074.0,007-905
2021-2022,SUMMERSFSPCEREIMBURSEMENTS,03627,Food & Nutrition Solutions Inc.,Private Non Profit Organization,Private Nonprofit,7,3,ANGELINA,8,0,8,2022-07-01T00:00:00.000,4976,0,7570,2439,0,11793.12,0.0,31264.1,2341.44,0.0,4729.97,50128.63,003-
2021-2022,SUMMERSFSPCEREIMBURSEMENTS,01017,ARLINGTON ISD,Educational Institution,School Food Authority,11,2,TARRANT,18,0,18,2022-07-01T00:00:00.000,8702,0,18179,0,0,20623.74,0.0,75079.27,0.0,0.0,9907.39,105610.4,220-901
2021-2022,SUMMERSFSPCEREIMBURSEMENTS,00021,CHARLOTTE ISD,Educational Institution,School Food Authority,20,4,ATASCOSA,1,0,1,2022-05-01T00:00:00.000,286,0,317,0,0,677.82,0.0,1309.21,0.0,0.0,204.31,2191.34,007-901
2021-2022,SUMMERSFSPCEREIMBURSEMENTS,03793,"Urban Change for Life Center, Inc.",Private Non Profit Organization,Private Nonprofit,10,2,DALLAS,20,0,20,2022-07-01T00:00:00.000,29920,0,31369,0,0,70910.4,0.0,129553.97,0.0,0.0,20598.29,221062.66,
2021-2022,SUMMERSFSPCEREIMBURSEMENTS,00315,CARRIZO SPRINGS CONS ISD,Educational Institution,School Food Authority,20,4,DIMMIT,6,0,6,2022-06-01T00:00:00.000,7071,0,11247,0,0,16758.27,0.0,46450.11,0.0,0.0,6526.02,69734.4,064-903
2021-2022,SUMMERSFSPCEREIMBURSEMENTS,07122,"Harvest Texarkana Regional Food Bank, Inc.",Private Non Profit Organization,Private Nonprofit,8,2,BOWIE,1,0,1,2022-08-01T00:00:00.000,0,0,206,0,0,0.0,0.0,850.78,0.0,0.0,73.65,924.43,
2021-2022,SUMMERSFSPCEREIMBURSEMENTS,01512,"FORT WORTH COUNTRY DAY SCHOOL, INC.",Private Non Profit Organization,Private Nonprofit,11,2,TARRANT,1,0,1,2022-06-01T00:00:00.000,1536,0,1626,0,0,3640.32,0.0,6715.38,0.0,0.0,865.46,11221.16,220-
2021-2022,SUMMERSFSPCEREIMBURSEMENTS,01647,VICTORY COVENANT COMMUNITY MINISTRY,Private Non Profit Organization,Private Nonprofit,10,2,DALLAS,5,0,5,2022-08-01T00:00:00.000,2340,0,3515,1168,0,5545.8,0.0,14516.95,1121.28,0.0,2207.38,23391.41,057-
2021-2022,SUMMERSFSPCEREIMBURSEMENTS,01214,"BOYS & GIRLS CLUB OF DENISON, INC",Private Non Profit Organization,Private Nonprofit,10,2,GRAYSON,1,0,1,2022-08-01T00:00:00.000,278,0,624,0,0,658.86,0.0,2577.12,0.0,0.0,335.21,3571.19,091-
2021-2022,SUMMERSFSPCEREIMBURSEMENTS,04838,BOYS AND GIRLS CLUB OF ZAPATA COUNTY,Private Non Profit Organization,Private Nonprofit,1,5,ZAPATA,1,0,1,2022-08-01T00:00:00.000,0,0,122,103,0,0.0,0.0,503.86,98.88,0.0,64.87,667.61,
2021-2022,SUMMERSFSPCEREIMBURSEMENTS,05561,"Boys and Girls Club of Hill County, Texas, Incorporated",Private Non Profit Organization,Private Nonprofit,12,2,HILL,1,0,1,2022-08-01T00:00:00.000,0,0,287,0,0,0.0,0.0,1185.31,0.0,0.0,124.13,1309.44,
2021-2022,SUMMERSFSPCEREIMBURSEMENTS,00426,DENISON ISD,Educational Institution,School Food Authority,10,2,GRAYSON,7,0,7,2022-05-01T00:00:00.000,11,0,132,0,0,26.07,0.0,545.16,0.0,0.0,59.68,630.91,091-903
2021-2022,SUMMERSFSPCEREIMBURSEMENTS,01707,Intrinsic Foundation,Private Non Profit Organization,Private Nonprofit,10,2,DALLAS,7,0,7,2022-07-01T00:00:00.000,6415,0,6072,622,0,15203.55,0.0,25077.36,597.12,0.0,4206.76,45084.79,
2021-2022,SUMMERSFSPCEREIMBURSEMENTS,04168,"Destiny Empowerment Enterprises, Inc.",Private Non Profit Organization,Private Nonprofit,11,2,TARRANT,1,0,1,2022-07-01T00:00:00.000,223,0,391,0,0,528.51,0.0,1614.83,0.0,0.0,221.52,2364.86,
2021-2022,SUMMERSFSPCEREIMBURSEMENTS,05778,PURPOSE DRIVEN MINISTRIES,Private Non Profit Organization,Nonresidential Summer Camp,11,2,TARRANT,15,0,15,2022-06-01T00:00:00.000,7731,0,688,0,8707,18322.47,0.0,2841.44,0.0,35959.91,5880.13,63003.95,
2021-2022,SUMMERSFSPCEREIMBURSEMENTS,04168,"Destiny Empowerment Enterprises, Inc.",Private Non Profit Organization,Private Nonprofit,11,2,TARRANT,1,0,1,2022-08-01T00:00:00.000,140,0,163,0,0,331.8,0.0,673.19,0.0,0.0,103.4,1108.39,
2021-2022,SUMMERSFSPCEREIMBURSEMENTS,06317,KIDS GRAB ON THE GO,Private Non Profit Organization,Private Nonprofit,10,2,DAWSON,9,0,9,2022-06-01T00:00:00.000,12645,0,13408,0,0,29968.65,0.0,55375.04,0.0,0.0,8770.54,94114.23,
2021-2022,SUMMERSFSPCEREIMBURSEMENTS,01034,ABILENE ISD,Educational Institution,School Food Authority,14,1,TAYLOR,1,0,1,2022-05-01T00:00:00.000,0,0,79,0,0,0.0,0.0,326.27,0.0,0.0,34.17,360.44,221-901
2021-2022,SUMMERSFSPCEREIMBURSEMENTS,06928,DFW Economic Solutions,Private Non Profit Organization,Private Nonprofit,10,2,DALLAS,22,0,22,2022-07-01T00:00:00.000,53251,0,53253,799,799,126204.87,0.0,219934.89,767.04,3299.87,35985.36,386192.03,
2021-2022,SUMMERSFSPCEREIMBURSEMENTS,00448,SEGUIN ISD,Educational Institution,School Food Authority,13,4,GUADALUPE,5,0,5,2022-06-01T00:00:00.000,4480,0,6525,0,0,10617.6,0.0,26948.25,0.0,0.0,3874.86,41440.71,094-901
2021-2022,SUMMERSFSPCEREIMBURSEMENTS,01525,CITY OF HOUSTON,Government Agency,Unit of Government,4,3,HARRIS,68,0,68,2022-08-01T00:00:00.000,8660,0,11469,0,0,20524.2,0.0,47366.97,0.0,0.0,5702.27,73593.44,101-
2021-2022,SUMMERSFSPCEREIMBURSEMENTS,06308,OIMZION International Global Ministries & Missions,Private Non Profit Organization,Private Nonprofit,17,1,HALE,3,0,3,2022-07-01T00:00:00.000,0,0,393,1281,888,0.0,0.0,1623.09,1229.76,3667.44,704.55,7224.84,
2021-2022,SUMMERSFSPCEREIMBURSEMENTS,03949,"TRIANGLE COMMUNITY OUTREACH, INC.",Private Non Profit Organization,Private Nonprofit,5,3,JEFFERSON,23,0,23,2022-08-01T00:00:00.000,1536,0,1868,125,0,3640.32,0.0,7714.84,120.0,0.0,1183.56,12658.72,
2021-2022,SUMMERSFSPCEREIMBURSEMENTS,00522,HOUSTON ISD,Educational Institution,School Food Authority,4,3,HARRIS,207,0,207,2022-07-01T00:00:00.000,33669,0,47145,0,0,79795.53,0.0,194708.85,0.0,0.0,28302.43,302806.81,101-912
2021-2022,SUMMERSFSPCEREIMBURSEMENTS,00029,MULESHOE ISD,Educational Institution,School Food Authority,17,1,BAILEY,3,0,3,2022-06-01T00:00:00.000,2331,0,3479,0,0,5524.47,0.0,14368.27,0.0,0.0,2052.46,21945.2,009-901
2021-2022,SUMMERSFSPCEREIMBURSEMENTS,06743,RGV Read and Feed,Private Non Profit Organization,Private Nonprofit,1,5,HIDALGO,4,0,4,2022-08-01T00:00:00.000,0,0,3804,3804,0,0.0,0.0,15710.52,3651.84,0.0,2092.2,21454.56,
2021-2022,SUMMERSFSPCEREIMBURSEMENTS,05823,Discovering Healthy Foods,Private Non Profit Organization,Private Nonprofit,4,3,HARRIS,18,0,18,2022-06-01T00:00:00.000,0,0,22791,22800,0,0.0,0.0,94126.83,21888.0,0.0,12536.11,128550.94,
2021-2022,SUMMERSFSPCEREIMBURSEMENTS,06083,"""With Helping Hands"" serving nutritious meals",Private Non Profit Organization,Private Nonprofit,4,3,HARRIS,24,0,24,2022-07-01T00:00:00.000,0,0,1212,0,13513,0.0,0.0,5005.56,0.0,55808.69,6368.56,67182.81,
2021-2022,SUMMERSFSPCEREIMBURSEMENTS,00085,NORTH EAST ISD,Educational Institution,School Food Authority,20,4,BEXAR,26,0,26,2022-06-01T00:00:00.000,39498,0,70693,0,0,93610.26,0.0,291962.09,0.0,0.0,39856.75,425429.1,015-910
2021-2022,SUMMERSFSPCEREIMBURSEMENTS,03974,P.L.A.Y.S. (Positive Leadership Advances Youth Self Development),Private Non Profit Organization,Private Nonprofit,10,2,DALLAS,4,0,4,2022-06-01T00:00:00.000,1305,0,2705,1970,0,3092.85,0.0,11171.65,1891.2,0.0,1390.7,17546.4,
2021-2022,SUMMERSFSPCEREIMBURSEMENTS,01538,"MARCANA ENTERPRISES, INC",Private Non Profit Organization,Private Nonprofit,19,1,EL PASO,25,0,25,2022-07-01T00:00:00.000,5386,0,15326,0,11068,12764.82,0.0,63296.38,0.0,45710.84,12681.12,134453.16,071-
2021-2022,SUMMERSFSPCEREIMBURSEMENTS,05354,FJV FOUNDATION,Private Non Profit Organization,Private Nonprofit,10,2,DALLAS,9,0,9,2022-07-01T00:00:00.000,14169,0,15180,280,0,33580.53,0.0,62693.4,268.8,0.0,9927.97,106470.7,
2021-2022,SUMMERSFSPCEREIMBURSEMENTS,06458,Boys & Girls Clubs in Texas,Private Non Profit Organization,Private Nonprofit,13,4,TRAVIS,31,0,31,2022-07-01T00:00:00.000,9166,0,25702,13708,0,21723.42,0.0,106149.26,13159.68,0.0,12884.42,153916.78,
2021-2022,SUMMERSFSPCEREIMBURSEMENTS,05920,UNIQUE PIECES INC.,Private Non Profit Organization,Private Nonprofit,10,2,DALLAS,12,0,12,2022-08-01T00:00:00.000,3107,0,4535,2433,1050,7363.59,0.0,18729.55,2335.68,4336.5,3431.55,36196.87,
2021-2022,SUMMERSFSPCEREIMBURSEMENTS,01029,CASTLEBERRY ISD,Educational Institution,School Food Authority,11,2,TARRANT,5,0,5,2022-07-01T00:00:00.000,368,0,659,0,0,872.16,0.0,2721.67,0.0,0.0,371.5,3965.33,220-917
2021-2022,SUMMERSFSPCEREIMBURSEMENTS,04873,"CUSTER ROAD UNITED METHODIST CHURCH, INC",Private Non Profit Organization,Private Nonprofit,10,2,COLLIN,1,0,1,2022-08-01T00:00:00.000,0,0,463,0,0,0.0,0.0,1912.19,0.0,0.0,165.52,2077.71,
2021-2022,SUMMERSFSPCEREIMBURSEMENTS,00654,BEAUMONT ISD,Educational Institution,School Food Authority,5,3,JEFFERSON,1,0,1,2022-05-01T00:00:00.000,0,0,3,0,0,0.0,0.0,12.39,0.0,0.0,1.3,13.69,123-910
2021-2022,SUMMERSFSPCEREIMBURSEMENTS,01550,HIGH PLAINS FOOD BANK,Private Non Profit Organization,Private Nonprofit,16,1,POTTER,11,0,11,2022-08-01T00:00:00.000,554,0,2760,0,80,1312.98,0.0,11398.8,0.0,330.4,1358.49,14400.67,188-
2021-2022,SUMMERSFSPCEREIMBURSEMENTS,05143,SOMEONE WHO CARES MINISTRIES,Private Non Profit Organization,Private Nonprofit,10,2,DALLAS,6,0,6,2022-07-01T00:00:00.000,4892,0,5540,0,0,11594.04,0.0,22880.2,0.0,0.0,3545.67,38019.91,
2021-2022,SUMMERSFSPCEREIMBURSEMENTS,00457,MEMPHIS ISD,Educational Institution,School Food Authority,16,1,HALL,1,0,1,2022-06-01T00:00:00.000,335,0,630,0,0,793.95,0.0,2601.9,0.0,0.0,351.21,3747.06,096-904
2021-2022,SUMMERSFSPCEREIMBURSEMENTS,04873,"CUSTER ROAD UNITED METHODIST CHURCH, INC",Private Non Profit Organization,Private Nonprofit,10,2,COLLIN,1,0,1,2022-06-01T00:00:00.000,0,0,2730,0,0,0.0,0.0,11274.9,0.0,0.0,975.98,12250.88,
2021-2022,SUMMERSFSPCEREIMBURSEMENTS,00521,GOOSE CREEK CISD,Educational Institution,School Food Authority,4,3,HARRIS,24,0,24,2022-05-01T00:00:00.000,1482,0,3265,0,0,3512.34,0.0,13484.45,0.0,0.0,1760.38,18757.17,101-911
2021-2022,SUMMERSFSPCEREIMBURSEMENTS,01214,"BOYS & GIRLS CLUB OF DENISON, INC",Private Non Profit Organization,Private Nonprofit,10,2,GRAYSON,1,0,1,2022-05-01T00:00:00.000,49,0,120,0,0,116.13,0.0,495.6,0.0,0.0,63.42,675.15,091-
2021-2022,SUMMERSFSPCEREIMBURSEMENTS,06083,"""With Helping Hands"" serving nutritious meals",Private Non Profit Organization,Private Nonprofit,4,3,HARRIS,24,0,24,2022-08-01T00:00:00.000,0,0,704,0,9642,0.0,0.0,2907.52,0.0,39821.46,4474.65,47203.63,
2021-2022,SUMMERSFSPCEREIMBURSEMENTS,01535,"SOUTH PLAINS FOOD BANK, INC.",Private Non Profit Organization,Private Nonprofit,17,1,LUBBOCK,9,0,9,2022-05-01T00:00:00.000,0,0,268,211,0,0.0,0.0,1106.84,202.56,0.0,140.7,1450.1,152-
2021-2022,SUMMERSFSPCEREIMBURSEMENTS,01549,WEST TEXAS FOOD BANK,Private Non Profit Organization,Private Nonprofit,18,1,ECTOR,12,0,12,2022-06-01T00:00:00.000,0,0,9675,5259,0,0.0,0.0,39957.75,5048.64,0.0,4802.37,49808.76,068-
2021-2022,SUMMERSFSPCEREIMBURSEMENTS,05561,"Boys and Girls Club of Hill County, Texas, Incorporated",Private Non Profit Organization,Private Nonprofit,12,2,HILL,1,0,1,2022-07-01T00:00:00.000,336,0,812,0,0,796.32,0.0,3353.56,0.0,0.0,430.15,4580.03,
2021-2022,SUMMERSFSPCEREIMBURSEMENTS,01535,"SOUTH PLAINS FOOD BANK, INC.",Private Non Profit Organization,Private Nonprofit,17,1,LUBBOCK,18,0,18,2022-06-01T00:00:00.000,1333,0,11435,5829,0,3159.21,0.0,47226.55,5595.84,0.0,5943.81,61925.41,152-
2021-2022,SUMMERSFSPCEREIMBURSEMENTS,01636,CITYSQUARE,Private Non Profit Organization,Private Nonprofit,10,2,DALLAS,102,0,102,2022-08-01T00:00:00.000,394,8,26541,10567,0,933.78,7.68,109614.33,10144.32,0.0,10539.49,131239.6,057-
2021-2022,SUMMERSFSPCEREIMBURSEMENTS,06533,THE SWEETWATER HOUSE OF PEACE,Private Non Profit Organization,Private Nonprofit,14,1,NOLAN,2,0,2,2022-06-01T00:00:00.000,0,0,2286,0,0,0.0,0.0,9441.18,0.0,0.0,988.7,10429.88,
2021-2022,SUMMERSFSPCEREIMBURSEMENTS,00774,EAGLE PASS ISD,Educational Institution,School Food Authority,20,4,MAVERICK,5,0,5,2022-06-01T00:00:00.000,0,0,12685,0,0,0.0,0.0,52389.05,0.0,0.0,5486.26,57875.31,159-901
2021-2022,SUMMERSFSPCEREIMBURSEMENTS,01551,WICHITA FALLS AREA FOOD BANK,Private Non Profit Organization,Private Nonprofit,9,2,WICHITA,6,0,6,2022-07-01T00:00:00.000,0,0,4933,4695,0,0.0,0.0,20373.29,4507.2,0.0,2315.21,27195.7,243-
2021-2022,SUMMERSFSPCEREIMBURSEMENTS,04838,BOYS AND GIRLS CLUB OF ZAPATA COUNTY,Private Non Profit Organization,Private Nonprofit,1,5,ZAPATA,1,0,1,2022-06-01T00:00:00.000,0,0,716,772,0,0.0,0.0,2957.08,741.12,0.0,400.38,4098.58,
2021-2022,SUMMERSFSPCEREIMBURSEMENTS,06834,K-Nation Group,Private Non Profit Organization,Private Nonprofit,10,2,DALLAS,11,0,11,2022-07-01T00:00:00.000,30364,0,30364,0,0,71962.68,0.0,125403.32,0.0,0.0,20267.97,217633.97,
2021-2022,SUMMERSFSPCEREIMBURSEMENTS,03152,"ROLLING PLAINS MANAGEMENT CORPORATION OF BAYLOR, COTTLE, FOARD,",Private Non Profit Organization,Private Nonprofit,9,2,FOARD,1,0,1,2022-07-01T00:00:00.000,0,0,568,0,0,0.0,0.0,2345.84,0.0,0.0,245.66,2591.5,078-
2021-2022,SUMMERSFSPCEREIMBURSEMENTS,00933,PECOS-BARSTOW-TOYAH ISD,Educational Institution,School Food Authority,18,1,REEVES,3,0,3,2022-06-01T00:00:00.000,5186,0,7340,0,0,12290.82,0.0,30314.2,0.0,0.0,4393.26,46998.28,195-901
2021-2022,SUMMERSFSPCEREIMBURSEMENTS,04742,Be A Champion Inc.,Private Non Profit Organization,Private Nonprofit,4,3,HARRIS,3,0,3,2022-05-01T00:00:00.000,15,0,15,0,0,35.55,0.0,61.95,0.0,0.0,9.09,106.59,
2021-2022,SUMMERSFSPCEREIMBURSEMENTS,05006,BRIGHT NUTRITION,Private Non Profit Organization,Private Nonprofit,1,5,CAMERON,38,0,38,2022-06-01T00:00:00.000,36172,0,36172,0,0,85727.64,0.0,149390.36,0.0,0.0,19724.94,254842.94,
2021-2022,SUMMERSFSPCEREIMBURSEMENTS,05143,SOMEONE WHO CARES MINISTRIES,Private Non Profit Organization,Private Nonprofit,10,2,DALLAS,5,0,5,2022-08-01T00:00:00.000,1727,0,1727,0,0,4092.99,0.0,7132.51,0.0,0.0,1152.78,12378.28,
2021-2022,SUMMERSFSPCEREIMBURSEMENTS,03689,"S.Tracy Howard Project, Inc.",Private Non Profit Organization,Private Nonprofit,11,2,DENTON,21,0,21,2022-08-01T00:00:00.000,5320,0,5620,200,0,12608.4,0.0,23210.6,192.0,0.0,3704.35,39715.35,
2021-2022,SUMMERSFSPCEREIMBURSEMENTS,01707,Intrinsic Foundation,Private Non Profit Organization,Private Nonprofit,10,2,DALLAS,4,0,4,2022-08-01T00:00:00.000,1802,0,2094,480,0,4270.74,0.0,8648.22,460.8,0.0,1385.53,14765.29,
2021-2022,SUMMERSFSPCEREIMBURSEMENTS,01519,UNIVERSITY OF TEXAS AT ARLINGTON,Educational Institution,Residential Camp,11,2,TARRANT,1,0,1,2022-06-01T00:00:00.000,52,0,52,0,52,123.24,0.0,214.76,0.0,214.76,46.8,599.56,220-
2021-2022,SUMMERSFSPCEREIMBURSEMENTS,05656,"Kidz Grub, Inc.",Private Non Profit Organization,Private Nonprofit,4,3,HARRIS,9,0,9,2022-08-01T00:00:00.000,0,0,9781,9589,0,0.0,0.0,40395.53,9205.44,0.0,5356.99,54957.96,
2021-2022,SUMMERSFSPCEREIMBURSEMENTS,00884,WEST ORANGE-COVE CONS ISD,Educational Institution,School Food Authority,5,3,ORANGE,10,0,10,2022-06-01T00:00:00.000,2489,0,4325,182,182,5898.93,0.0,17862.25,174.72,751.66,2555.59,27243.15,181-906
2021-2022,SUMMERSFSPCEREIMBURSEMENTS,04493,THE JOSH HOWARD FOUNDATION,Private Non Profit Organization,Private Nonprofit,10,2,DALLAS,12,0,12,2022-06-01T00:00:00.000,1494,2889,5212,0,0,3540.78,2773.44,21525.56,0.0,0.0,2944.74,30784.52,
2021-2022,SUMMERSFSPCEREIMBURSEMENTS,00933,PECOS-BARSTOW-TOYAH ISD,Educational Institution,School Food Authority,18,1,REEVES,3,0,3,2022-05-01T00:00:00.000,278,0,472,0,0,658.86,0.0,1949.36,0.0,0.0,269.47,2877.69,195-901
2021-2022,SUMMERSFSPCEREIMBURSEMENTS,03627,Food & Nutrition Solutions Inc.,Private Non Profit Organization,Private Nonprofit,7,3,ANGELINA,3,0,3,2022-05-01T00:00:00.000,167,0,214,0,0,395.79,0.0,883.82,0.0,0.0,131.81,1411.42,003-
2021-2022,SUMMERSFSPCEREIMBURSEMENTS,00529,SPRING BRANCH ISD,Educational Institution,School Food Authority,4,3,HARRIS,20,0,20,2022-06-01T00:00:00.000,30946,0,57181,0,0,73342.02,0.0,236157.53,0.0,0.0,32003.09,341502.64,101-920
2021-2022,SUMMERSFSPCEREIMBURSEMENTS,04080,"Village Hands and Hearts, Inc.",Private Non Profit Organization,Private Nonprofit,10,2,DALLAS,5,0,5,2022-08-01T00:00:00.000,682,0,893,0,0,1616.34,0.0,3688.09,0.0,0.0,546.49,5850.92,
2021-2022,SUMMERSFSPCEREIMBURSEMENTS,00521,GOOSE CREEK CISD,Educational Institution,School Food Authority,4,3,HARRIS,31,0,31,2022-06-01T00:00:00.000,23222,0,43484,0,0,55036.14,0.0,179588.92,0.0,0.0,24264.0,258889.06,101-911
2021-2022,SUMMERSFSPCEREIMBURSEMENTS,04323,Kids Cove Community Outreach,Private Non Profit Organization,Private Nonprofit,10,2,DALLAS,8,0,8,2022-06-01T00:00:00.000,3326,0,3976,0,0,7882.62,0.0,16420.88,0.0,0.0,2501.23,26804.73,
2021-2022,SUMMERSFSPCEREIMBURSEMENTS,00024,PLEASANTON ISD,Educational Institution,School Food Authority,20,4,ATASCOSA,4,0,4,2022-05-01T00:00:00.000,241,0,470,0,41,571.17,0.0,1941.1,0.0,169.33,277.65,2959.25,007-905
2021-2022,SUMMERSFSPCEREIMBURSEMENTS,00333,FERRIS ISD,Educational Institution,School Food Authority,10,2,ELLIS,2,0,2,2022-06-01T00:00:00.000,1688,0,4720,0,0,4000.56,0.0,19493.6,0.0,0.0,2438.08,25932.24,070-905
2021-2022,SUMMERSFSPCEREIMBURSEMENTS,05920,UNIQUE PIECES INC.,Private Non Profit Organization,Private Nonprofit,10,2,DALLAS,12,0,12,2022-06-01T00:00:00.000,3529,0,13713,9543,0,8363.73,0.0,56634.69,9161.28,0.0,7881.49,82041.19,
