odprecid,programyear,reporttype,ceid,cename,typeofagency,typeoforg,esc,tdaregion,countydistrictcode,cecounty,sitecount,covidmealsitecount,regularmealsitecount,claimdate,breakfastmealsreimbursed,amsnackmealsreimbursed,lunchmealsreimbursed,pmsnackmealsreimbursed,suppermealsreimbursed,breakfastreimbursement,amsnackreimbursement,lunchreimbursement,pmsnackreimbursement,supperreimbursement,adminreimbursement,totalreimbursement
00011_5_2023_SUMMERSFSPCEREIMBURSEMENTS,2022-2023,SUMMERSFSPCEREIMBURSEMENTS,00011,LUFKIN ISD,Educational Institution,School Food Authority,7,3,003-903,ANGELINA,4,0,4,2023-05-01T00:00:00.000,142,0,304,0,0,364.9400,0.0000,1361.9200,0.0000,0.0000,179.0900,1905.9500
00011_6_2023_SUMMERSFSPCEREIMBURSEMENTS,2022-2023,SUMMERSFSPCEREIMBURSEMENTS,00011,LUFKIN ISD,Educational Institution,School Food Authority,7,3,003-903,ANGELINA,8,0,8,2023-06-01T00:00:00.000,6105,0,11486,0,0,15689.8500,0.0000,51457.2800,0.0000,0.0000,6955.2000,74102.3300
00011_7_2023_SUMMERSFSPCEREIMBURSEMENTS,2022-2023,SUMMERSFSPCEREIMBURSEMENTS,00011,LUFKIN ISD,Educational Institution,School Food Authority,7,3,003-903,ANGELINA,5,0,5,2023-07-01T00:00:00.000,842,0,1342,0,0,2163.9400,0.0000,6012.1600,0.0000,0.0000,845.4500,9021.5500
00021_5_2023_SUMMERSFSPCEREIMBURSEMENTS,2022-2023,SUMMERSFSPCEREIMBURSEMENTS,00021,CHARLOTTE ISD,Educational Institution,School Food Authority,20,4,007-901,ATASCOSA,1,0,1,2023-05-01T00:00:00.000,125,0,128,0,0,321.2500,0.0000,573.4400,0.0000,0.0000,92.0400,986.7300
00021_6_2023_SUMMERSFSPCEREIMBURSEMENTS,2022-2023,SUMMERSFSPCEREIMBURSEMENTS,00021,CHARLOTTE ISD,Educational Institution,School Food Authority,20,4,007-901,ATASCOSA,1,0,1,2023-06-01T00:00:00.000,967,0,1074,0,0,2485.1900,0.0000,4811.5200,0.0000,0.0000,751.3700,8048.0800
00024_6_2023_SUMMERSFSPCEREIMBURSEMENTS,2022-2023,SUMMERSFSPCEREIMBURSEMENTS,00024,PLEASANTON ISD,Educational Institution,School Food Authority,20,4,007-905,ATASCOSA,13,0,13,2023-06-01T00:00:00.000,7132,0,11987,0,1464,18329.2400,0.0000,53701.7600,0.0000,6558.7200,8140.6300,86730.3500
00029_5_2023_SUMMERSFSPCEREIMBURSEMENTS,2022-2023,SUMMERSFSPCEREIMBURSEMENTS,00029,MULESHOE ISD,Educational Institution,School Food Authority,17,1,009-901,BAILEY,1,0,1,2023-05-01T00:00:00.000,59,0,59,0,0,151.6300,0.0000,264.3200,0.0000,0.0000,42.7800,458.7300
00029_6_2023_SUMMERSFSPCEREIMBURSEMENTS,2022-2023,SUMMERSFSPCEREIMBURSEMENTS,00029,MULESHOE ISD,Educational Institution,School Food Authority,17,1,009-901,BAILEY,3,0,3,2023-06-01T00:00:00.000,2254,0,2430,0,0,5792.7800,0.0000,10886.4000,0.0000,0.0000,1716.8700,18396.0500
00033_6_2023_SUMMERSFSPCEREIMBURSEMENTS,2022-2023,SUMMERSFSPCEREIMBURSEMENTS,00033,ELGIN ISD,Educational Institution,School Food Authority,13,4,011-902,BASTROP,4,0,4,2023-06-01T00:00:00.000,6355,0,8353,0,0,16332.3500,0.0000,37421.4400,0.0000,0.0000,5546.4400,59300.2300
00046_5_2023_SUMMERSFSPCEREIMBURSEMENTS,2022-2023,SUMMERSFSPCEREIMBURSEMENTS,00046,HOLLAND ISD,Educational Institution,School Food Authority,12,2,014-905,BELL,1,0,1,2023-05-01T00:00:00.000,142,0,227,0,0,364.9400,0.0000,1016.9600,0.0000,0.0000,142.9000,1524.8000
00046_6_2023_SUMMERSFSPCEREIMBURSEMENTS,2022-2023,SUMMERSFSPCEREIMBURSEMENTS,00046,HOLLAND ISD,Educational Institution,School Food Authority,12,2,014-905,BELL,1,0,1,2023-06-01T00:00:00.000,700,0,1006,0,0,1799.0000,0.0000,4506.8800,0.0000,0.0000,651.3200,6957.2000
00085_6_2023_SUMMERSFSPCEREIMBURSEMENTS,2022-2023,SUMMERSFSPCEREIMBURSEMENTS,00085,NORTH EAST ISD,Educational Institution,School Food Authority,20,4,015-910,BEXAR,25,0,25,2023-06-01T00:00:00.000,36831,0,63221,0,0,94655.6700,0.0000,283230.0800,0.0000,0.0000,39105.7800,416991.5300
00085_7_2023_SUMMERSFSPCEREIMBURSEMENTS,2022-2023,SUMMERSFSPCEREIMBURSEMENTS,00085,NORTH EAST ISD,Educational Institution,School Food Authority,20,4,015-910,BEXAR,11,0,11,2023-07-01T00:00:00.000,6116,0,7233,0,0,15718.1200,0.0000,32403.8400,0.0000,0.0000,4959.0900,53081.0500
00087_6_2023_SUMMERSFSPCEREIMBURSEMENTS,2022-2023,SUMMERSFSPCEREIMBURSEMENTS,00087,SOUTHWEST ISD,Educational Institution,School Food Authority,20,4,015-912,BEXAR,9,0,9,2023-06-01T00:00:00.000,13702,0,26863,0,0,35214.1400,0.0000,120346.2400,0.0000,0.0000,16119.6200,171680.0000
00087_7_2023_SUMMERSFSPCEREIMBURSEMENTS,2022-2023,SUMMERSFSPCEREIMBURSEMENTS,00087,SOUTHWEST ISD,Educational Institution,School Food Authority,20,4,015-912,BEXAR,3,0,3,2023-07-01T00:00:00.000,2224,0,4349,0,0,5715.6800,0.0000,19483.5200,0.0000,0.0000,2611.1500,27810.3500
00087_8_2023_SUMMERSFSPCEREIMBURSEMENTS,2022-2023,SUMMERSFSPCEREIMBURSEMENTS,00087,SOUTHWEST ISD,Educational Institution,School Food Authority,20,4,015-912,BEXAR,2,0,2,2023-08-01T00:00:00.000,134,0,801,0,0,344.3800,0.0000,3588.4800,0.0000,0.0000,410.6400,4343.5000
00138_7_2023_SUMMERSFSPCEREIMBURSEMENTS,2022-2023,SUMMERSFSPCEREIMBURSEMENTS,00138,SOMERVILLE ISD,Educational Institution,School Food Authority,6,3,026-902,BURLESON,1,0,1,2023-07-01T00:00:00.000,221,0,400,0,0,567.9700,0.0000,1792.0000,0.0000,0.0000,244.3600,2604.3300
00171_5_2023_SUMMERSFSPCEREIMBURSEMENTS,2022-2023,SUMMERSFSPCEREIMBURSEMENTS,00171,HART ISD,Educational Institution,School Food Authority,16,1,035-902,CASTRO,1,0,1,2023-05-01T00:00:00.000,5,0,33,0,0,12.8500,0.0000,147.8400,0.0000,0.0000,16.7900,177.4800
00171_6_2023_SUMMERSFSPCEREIMBURSEMENTS,2022-2023,SUMMERSFSPCEREIMBURSEMENTS,00171,HART ISD,Educational Institution,School Food Authority,16,1,035-902,CASTRO,1,0,1,2023-06-01T00:00:00.000,219,0,352,0,0,562.8300,0.0000,1576.9600,0.0000,0.0000,221.2900,2361.0800
00181_5_2023_SUMMERSFSPCEREIMBURSEMENTS,2022-2023,SUMMERSFSPCEREIMBURSEMENTS,00181,CHILDRESS ISD,Educational Institution,School Food Authority,16,1,038-901,CHILDRESS,1,0,1,2023-05-01T00:00:00.000,0,0,607,0,0,0.0000,0.0000,2719.3600,0.0000,0.0000,285.2900,3004.6500
00181_6_2023_SUMMERSFSPCEREIMBURSEMENTS,2022-2023,SUMMERSFSPCEREIMBURSEMENTS,00181,CHILDRESS ISD,Educational Institution,School Food Authority,16,1,038-901,CHILDRESS,1,0,1,2023-06-01T00:00:00.000,0,0,1916,0,0,0.0000,0.0000,8583.6800,0.0000,0.0000,900.5200,9484.2000
00187_6_2023_SUMMERSFSPCEREIMBURSEMENTS,2022-2023,SUMMERSFSPCEREIMBURSEMENTS,00187,MORTON ISD,Educational Institution,School Food Authority,17,1,040-901,COCHRAN,1,0,1,2023-06-01T00:00:00.000,465,0,823,0,0,1195.0500,0.0000,3687.0400,0.0000,0.0000,505.3900,5387.4800
00205_6_2023_SUMMERSFSPCEREIMBURSEMENTS,2022-2023,SUMMERSFSPCEREIMBURSEMENTS,00205,WYLIE ISD-WYLIE,Educational Institution,School Food Authority,10,2,043-914,COLLIN,1,0,1,2023-06-01T00:00:00.000,0,2146,2049,0,0,0.0000,2231.8400,9179.5200,0.0000,0.0000,1236.6500,12648.0100
00222_5_2023_SUMMERSFSPCEREIMBURSEMENTS,2022-2023,SUMMERSFSPCEREIMBURSEMENTS,00222,GAINESVILLE ISD,Educational Institution,School Food Authority,11,2,049-901,COOKE,2,0,2,2023-05-01T00:00:00.000,235,0,374,0,0,603.9500,0.0000,1675.5200,0.0000,0.0000,235.7100,2515.1800
00222_6_2023_SUMMERSFSPCEREIMBURSEMENTS,2022-2023,SUMMERSFSPCEREIMBURSEMENTS,00222,GAINESVILLE ISD,Educational Institution,School Food Authority,11,2,049-901,COOKE,6,0,6,2023-06-01T00:00:00.000,4205,0,6194,0,0,10806.8500,0.0000,27749.1200,0.0000,0.0000,3983.4600,42539.4300
00222_7_2023_SUMMERSFSPCEREIMBURSEMENTS,2022-2023,SUMMERSFSPCEREIMBURSEMENTS,00222,GAINESVILLE ISD,Educational Institution,School Food Authority,11,2,049-901,COOKE,5,0,5,2023-07-01T00:00:00.000,417,0,787,0,0,1071.6900,0.0000,3525.7600,0.0000,0.0000,476.2300,5073.6800
00279_6_2023_SUMMERSFSPCEREIMBURSEMENTS,2022-2023,SUMMERSFSPCEREIMBURSEMENTS,00279,GARLAND ISD,Educational Institution,School Food Authority,10,2,057-909,DALLAS,25,0,25,2023-06-01T00:00:00.000,14809,0,37274,0,0,38059.1300,0.0000,166987.5200,0.0000,0.0000,21295.0800,226341.7300
00279_7_2023_SUMMERSFSPCEREIMBURSEMENTS,2022-2023,SUMMERSFSPCEREIMBURSEMENTS,00279,GARLAND ISD,Educational Institution,School Food Authority,10,2,057-909,DALLAS,2,0,2,2023-07-01T00:00:00.000,55,0,272,0,0,141.3500,0.0000,1218.5600,0.0000,0.0000,141.8700,1501.7800
00283_5_2023_SUMMERSFSPCEREIMBURSEMENTS,2022-2023,SUMMERSFSPCEREIMBURSEMENTS,00283,MESQUITE ISD,Educational Institution,School Food Authority,10,2,057-914,DALLAS,19,0,19,2023-05-01T00:00:00.000,689,0,1381,0,0,1770.7300,0.0000,6186.8800,0.0000,0.0000,824.7700,8782.3800
00283_6_2023_SUMMERSFSPCEREIMBURSEMENTS,2022-2023,SUMMERSFSPCEREIMBURSEMENTS,00283,MESQUITE ISD,Educational Institution,School Food Authority,10,2,057-914,DALLAS,19,0,19,2023-06-01T00:00:00.000,6619,0,15663,0,0,17010.8300,0.0000,70170.2400,0.0000,0.0000,9049.4600,96230.5300
00283_7_2023_SUMMERSFSPCEREIMBURSEMENTS,2022-2023,SUMMERSFSPCEREIMBURSEMENTS,00283,MESQUITE ISD,Educational Institution,School Food Authority,10,2,057-914,DALLAS,35,0,35,2023-07-01T00:00:00.000,6371,0,13432,0,0,16373.4700,0.0000,60175.3600,0.0000,0.0000,7937.6500,84486.4800
00298_5_2023_SUMMERSFSPCEREIMBURSEMENTS,2022-2023,SUMMERSFSPCEREIMBURSEMENTS,00298,PILOT POINT ISD,Educational Institution,School Food Authority,11,2,061-903,DENTON,1,0,1,2023-05-01T00:00:00.000,0,0,8,0,0,0.0000,0.0000,35.8400,0.0000,0.0000,3.7600,39.6000
00298_6_2023_SUMMERSFSPCEREIMBURSEMENTS,2022-2023,SUMMERSFSPCEREIMBURSEMENTS,00298,PILOT POINT ISD,Educational Institution,School Food Authority,11,2,061-903,DENTON,2,0,2,2023-06-01T00:00:00.000,396,0,608,0,0,1017.7200,0.0000,2723.8400,0.0000,0.0000,386.7400,4128.3000
00307_6_2023_SUMMERSFSPCEREIMBURSEMENTS,2022-2023,SUMMERSFSPCEREIMBURSEMENTS,00307,CUERO ISD,Educational Institution,School Food Authority,3,3,062-901,DEWITT,2,0,2,2023-06-01T00:00:00.000,1166,0,1464,0,0,2996.6200,0.0000,6558.7200,0.0000,0.0000,985.4100,10540.7500
00333_6_2023_SUMMERSFSPCEREIMBURSEMENTS,2022-2023,SUMMERSFSPCEREIMBURSEMENTS,00333,FERRIS ISD,Educational Institution,School Food Authority,10,2,070-905,ELLIS,2,0,2,2023-06-01T00:00:00.000,2512,0,4168,0,0,6455.8400,0.0000,18672.6400,0.0000,0.0000,2599.5200,27728.0000
00345_5_2023_SUMMERSFSPCEREIMBURSEMENTS,2022-2023,SUMMERSFSPCEREIMBURSEMENTS,00345,CLINT ISD,Educational Institution,School Food Authority,19,1,071-901,EL PASO,1,0,1,2023-05-01T00:00:00.000,85,0,82,0,0,218.4500,0.0000,367.3600,0.0000,0.0000,60.2200,646.0300
00345_6_2023_SUMMERSFSPCEREIMBURSEMENTS,2022-2023,SUMMERSFSPCEREIMBURSEMENTS,00345,CLINT ISD,Educational Institution,School Food Authority,19,1,071-901,EL PASO,14,0,14,2023-06-01T00:00:00.000,15797,0,16010,0,0,40598.2900,0.0000,71724.8000,0.0000,0.0000,11552.9400,123876.0300
00345_7_2023_SUMMERSFSPCEREIMBURSEMENTS,2022-2023,SUMMERSFSPCEREIMBURSEMENTS,00345,CLINT ISD,Educational Institution,School Food Authority,19,1,071-901,EL PASO,4,0,4,2023-07-01T00:00:00.000,389,0,585,0,0,999.7300,0.0000,2620.8000,0.0000,0.0000,374.1500,3994.6800
00349_6_2023_SUMMERSFSPCEREIMBURSEMENTS,2022-2023,SUMMERSFSPCEREIMBURSEMENTS,00349,YSLETA ISD,Educational Institution,School Food Authority,19,1,071-905,EL PASO,48,0,48,2023-06-01T00:00:00.000,24750,0,31591,0,0,63607.5000,0.0000,141527.6800,0.0000,0.0000,21159.0200,226294.2000
00349_7_2023_SUMMERSFSPCEREIMBURSEMENTS,2022-2023,SUMMERSFSPCEREIMBURSEMENTS,00349,YSLETA ISD,Educational Institution,School Food Authority,19,1,071-905,EL PASO,1,0,1,2023-07-01T00:00:00.000,225,0,403,0,0,578.2500,0.0000,1805.4400,0.0000,0.0000,246.7900,2630.4800
00381_6_2023_SUMMERSFSPCEREIMBURSEMENTS,2022-2023,SUMMERSFSPCEREIMBURSEMENTS,00381,FLOYDADA ISD,Educational Institution,School Food Authority,17,1,077-901,FLOYD,1,0,1,2023-06-01T00:00:00.000,0,0,1140,0,0,0.0000,0.0000,5107.2000,0.0000,0.0000,535.8000,5643.0000
00394_6_2023_SUMMERSFSPCEREIMBURSEMENTS,2022-2023,SUMMERSFSPCEREIMBURSEMENTS,00394,DILLEY ISD,Educational Institution,School Food Authority,20,4,082-902,FRIO,1,0,1,2023-06-01T00:00:00.000,1327,0,1986,0,0,3410.3900,0.0000,8897.2800,0.0000,0.0000,1271.8100,13579.4800
00403_5_2023_SUMMERSFSPCEREIMBURSEMENTS,2022-2023,SUMMERSFSPCEREIMBURSEMENTS,00403,GALVESTON ISD,Educational Institution,School Food Authority,4,3,084-902,GALVESTON,5,0,5,2023-05-01T00:00:00.000,208,0,258,0,0,534.5600,0.0000,1155.8400,0.0000,0.0000,174.3000,1864.7000
00403_6_2023_SUMMERSFSPCEREIMBURSEMENTS,2022-2023,SUMMERSFSPCEREIMBURSEMENTS,00403,GALVESTON ISD,Educational Institution,School Food Authority,4,3,084-902,GALVESTON,9,0,9,2023-06-01T00:00:00.000,16175,0,20063,0,0,41569.7500,0.0000,89882.2400,0.0000,0.0000,13554.2400,145006.2300
00403_7_2023_SUMMERSFSPCEREIMBURSEMENTS,2022-2023,SUMMERSFSPCEREIMBURSEMENTS,00403,GALVESTON ISD,Educational Institution,School Food Authority,4,3,084-902,GALVESTON,4,0,4,2023-07-01T00:00:00.000,2402,0,3720,0,0,6173.1400,0.0000,16665.6000,0.0000,0.0000,2360.9100,25199.6500
00403_8_2023_SUMMERSFSPCEREIMBURSEMENTS,2022-2023,SUMMERSFSPCEREIMBURSEMENTS,00403,GALVESTON ISD,Educational Institution,School Food Authority,4,3,084-902,GALVESTON,1,0,1,2023-08-01T00:00:00.000,691,0,942,0,0,1775.8700,0.0000,4220.1600,0.0000,0.0000,618.9500,6614.9800
00411_5_2023_SUMMERSFSPCEREIMBURSEMENTS,2022-2023,SUMMERSFSPCEREIMBURSEMENTS,00411,POST ISD,Educational Institution,School Food Authority,17,1,085-902,GARZA,1,0,1,2023-05-01T00:00:00.000,115,0,115,0,0,295.5500,0.0000,515.2000,0.0000,0.0000,83.3800,894.1300
00411_6_2023_SUMMERSFSPCEREIMBURSEMENTS,2022-2023,SUMMERSFSPCEREIMBURSEMENTS,00411,POST ISD,Educational Institution,School Food Authority,17,1,085-902,GARZA,1,0,1,2023-06-01T00:00:00.000,2297,0,2312,0,0,5903.2900,0.0000,10357.7600,0.0000,0.0000,1672.3800,17933.4300
00413_6_2023_SUMMERSFSPCEREIMBURSEMENTS,2022-2023,SUMMERSFSPCEREIMBURSEMENTS,00413,FREDERICKSBURG ISD,Educational Institution,School Food Authority,13,4,086-901,GILLESPIE,3,0,3,2023-06-01T00:00:00.000,2394,0,2702,0,0,6152.5800,0.0000,12104.9600,0.0000,0.0000,1880.4100,20137.9500
00413_7_2023_SUMMERSFSPCEREIMBURSEMENTS,2022-2023,SUMMERSFSPCEREIMBURSEMENTS,00413,FREDERICKSBURG ISD,Educational Institution,School Food Authority,13,4,086-901,GILLESPIE,1,0,1,2023-07-01T00:00:00.000,200,0,386,0,0,514.0000,0.0000,1729.2800,0.0000,0.0000,232.4200,2475.7000
00418_6_2023_SUMMERSFSPCEREIMBURSEMENTS,2022-2023,SUMMERSFSPCEREIMBURSEMENTS,00418,NIXON-SMILEY CONS ISD,Educational Institution,School Food Authority,13,3,089-903,GONZALES,1,0,1,2023-06-01T00:00:00.000,624,0,847,0,0,1603.6800,0.0000,3794.5600,0.0000,0.0000,557.2100,5955.4500
00418_7_2023_SUMMERSFSPCEREIMBURSEMENTS,2022-2023,SUMMERSFSPCEREIMBURSEMENTS,00418,NIXON-SMILEY CONS ISD,Educational Institution,School Food Authority,13,3,089-903,GONZALES,1,0,1,2023-07-01T00:00:00.000,288,0,400,0,0,740.1600,0.0000,1792.0000,0.0000,0.0000,261.4400,2793.6000
00448_6_2023_SUMMERSFSPCEREIMBURSEMENTS,2022-2023,SUMMERSFSPCEREIMBURSEMENTS,00448,SEGUIN ISD,Educational Institution,School Food Authority,13,4,094-901,GUADALUPE,5,0,5,2023-06-01T00:00:00.000,5392,0,12009,0,0,13857.4400,0.0000,53800.3200,0.0000,0.0000,7019.1900,74676.9500
00448_7_2023_SUMMERSFSPCEREIMBURSEMENTS,2022-2023,SUMMERSFSPCEREIMBURSEMENTS,00448,SEGUIN ISD,Educational Institution,School Food Authority,13,4,094-901,GUADALUPE,4,0,4,2023-07-01T00:00:00.000,815,0,4055,0,0,2094.5500,0.0000,18166.4000,0.0000,0.0000,2113.6800,22374.6300
00448_8_2023_SUMMERSFSPCEREIMBURSEMENTS,2022-2023,SUMMERSFSPCEREIMBURSEMENTS,00448,SEGUIN ISD,Educational Institution,School Food Authority,13,4,094-901,GUADALUPE,2,0,2,2023-08-01T00:00:00.000,527,0,181,0,0,1354.3900,0.0000,810.8800,0.0000,0.0000,219.4600,2384.7300
00452_6_2023_SUMMERSFSPCEREIMBURSEMENTS,2022-2023,SUMMERSFSPCEREIMBURSEMENTS,00452,ABERNATHY ISD,Educational Institution,School Food Authority,17,1,095-901,HALE,1,0,1,2023-06-01T00:00:00.000,0,0,521,0,0,0.0000,0.0000,2334.0800,0.0000,0.0000,244.8700,2578.9500
00456_6_2023_SUMMERSFSPCEREIMBURSEMENTS,2022-2023,SUMMERSFSPCEREIMBURSEMENTS,00456,PLAINVIEW ISD,Educational Institution,School Food Authority,17,1,095-905,HALE,3,0,3,2023-06-01T00:00:00.000,2206,0,3206,0,0,5669.4200,0.0000,14362.8800,0.0000,0.0000,2069.3500,22101.6500
00456_7_2023_SUMMERSFSPCEREIMBURSEMENTS,2022-2023,SUMMERSFSPCEREIMBURSEMENTS,00456,PLAINVIEW ISD,Educational Institution,School Food Authority,17,1,095-905,HALE,1,0,1,2023-07-01T00:00:00.000,113,0,220,0,0,290.4100,0.0000,985.6000,0.0000,0.0000,132.2200,1408.2300
00457_5_2023_SUMMERSFSPCEREIMBURSEMENTS,2022-2023,SUMMERSFSPCEREIMBURSEMENTS,00457,MEMPHIS ISD,Educational Institution,School Food Authority,16,1,096-904,HALL,1,0,1,2023-05-01T00:00:00.000,0,0,2,0,0,0.0000,0.0000,8.9600,0.0000,0.0000,0.9400,9.9000
00457_6_2023_SUMMERSFSPCEREIMBURSEMENTS,2022-2023,SUMMERSFSPCEREIMBURSEMENTS,00457,MEMPHIS ISD,Educational Institution,School Food Authority,16,1,096-904,HALL,1,0,1,2023-06-01T00:00:00.000,36,0,79,0,0,92.5200,0.0000,353.9200,0.0000,0.0000,46.3100,492.7500
00514_5_2023_SUMMERSFSPCEREIMBURSEMENTS,2022-2023,SUMMERSFSPCEREIMBURSEMENTS,00514,ALIEF ISD,Educational Institution,School Food Authority,4,3,101-903,HARRIS,3,0,3,2023-05-01T00:00:00.000,52,0,453,0,0,133.6400,0.0000,2029.4400,0.0000,0.0000,226.1700,2389.2500
00514_6_2023_SUMMERSFSPCEREIMBURSEMENTS,2022-2023,SUMMERSFSPCEREIMBURSEMENTS,00514,ALIEF ISD,Educational Institution,School Food Authority,4,3,101-903,HARRIS,24,0,24,2023-06-01T00:00:00.000,52392,0,119184,0,0,134647.4400,0.0000,533944.3200,0.0000,0.0000,69376.4400,737968.2000
00514_7_2023_SUMMERSFSPCEREIMBURSEMENTS,2022-2023,SUMMERSFSPCEREIMBURSEMENTS,00514,ALIEF ISD,Educational Institution,School Food Authority,4,3,101-903,HARRIS,14,0,14,2023-07-01T00:00:00.000,2584,0,3221,0,0,6640.8800,0.0000,14430.0800,0.0000,0.0000,2172.7900,23243.7500
00514_8_2023_SUMMERSFSPCEREIMBURSEMENTS,2022-2023,SUMMERSFSPCEREIMBURSEMENTS,00514,ALIEF ISD,Educational Institution,School Food Authority,4,3,101-903,HARRIS,1,0,1,2023-08-01T00:00:00.000,2,0,76,0,0,5.1400,0.0000,340.4800,0.0000,0.0000,36.2300,381.8500
00515_6_2023_SUMMERSFSPCEREIMBURSEMENTS,2022-2023,SUMMERSFSPCEREIMBURSEMENTS,00515,CHANNELVIEW ISD,Educational Institution,School Food Authority,4,3,101-905,HARRIS,3,0,3,2023-06-01T00:00:00.000,6756,0,12274,0,0,17362.9200,0.0000,54987.5200,0.0000,0.0000,7491.5600,79842.0000
00515_7_2023_SUMMERSFSPCEREIMBURSEMENTS,2022-2023,SUMMERSFSPCEREIMBURSEMENTS,00515,CHANNELVIEW ISD,Educational Institution,School Food Authority,4,3,101-905,HARRIS,1,0,1,2023-07-01T00:00:00.000,678,0,827,0,0,1742.4600,0.0000,3704.9600,0.0000,0.0000,561.5800,6009.0000
00521_5_2023_SUMMERSFSPCEREIMBURSEMENTS,2022-2023,SUMMERSFSPCEREIMBURSEMENTS,00521,GOOSE CREEK CISD,Educational Institution,School Food Authority,4,3,101-911,HARRIS,19,0,19,2023-05-01T00:00:00.000,1693,0,3550,0,0,4351.0100,0.0000,15904.0000,0.0000,0.0000,2100.2200,22355.2300
00521_6_2023_SUMMERSFSPCEREIMBURSEMENTS,2022-2023,SUMMERSFSPCEREIMBURSEMENTS,00521,GOOSE CREEK CISD,Educational Institution,School Food Authority,4,3,101-911,HARRIS,23,0,23,2023-06-01T00:00:00.000,11605,0,24341,0,0,29824.8500,0.0000,109047.6800,0.0000,0.0000,14399.5500,153272.0800
00521_7_2023_SUMMERSFSPCEREIMBURSEMENTS,2022-2023,SUMMERSFSPCEREIMBURSEMENTS,00521,GOOSE CREEK CISD,Educational Institution,School Food Authority,4,3,101-911,HARRIS,12,0,12,2023-07-01T00:00:00.000,746,0,2299,0,0,1917.2200,0.0000,10299.5200,0.0000,0.0000,1270.7600,13487.5000
00522_6_2023_SUMMERSFSPCEREIMBURSEMENTS,2022-2023,SUMMERSFSPCEREIMBURSEMENTS,00522,HOUSTON ISD,Educational Institution,School Food Authority,4,3,101-912,HARRIS,202,0,202,2023-06-01T00:00:00.000,259557,0,356730,0,0,667061.4900,0.0000,1598150.4000,0.0000,0.0000,233850.1400,2499062.0300
00522_7_2023_SUMMERSFSPCEREIMBURSEMENTS,2022-2023,SUMMERSFSPCEREIMBURSEMENTS,00522,HOUSTON ISD,Educational Institution,School Food Authority,4,3,101-912,HARRIS,29,0,29,2023-07-01T00:00:00.000,5891,0,8102,0,0,15139.8700,0.0000,36296.9600,0.0000,0.0000,5310.1500,56746.9800
00522_8_2023_SUMMERSFSPCEREIMBURSEMENTS,2022-2023,SUMMERSFSPCEREIMBURSEMENTS,00522,HOUSTON ISD,Educational Institution,School Food Authority,4,3,101-912,HARRIS,36,0,36,2023-08-01T00:00:00.000,4281,0,7635,0,0,11002.1700,0.0000,34204.8000,0.0000,0.0000,4680.1100,49887.0800
00524_5_2023_SUMMERSFSPCEREIMBURSEMENTS,2022-2023,SUMMERSFSPCEREIMBURSEMENTS,00524,KATY ISD,Educational Institution,School Food Authority,4,3,101-914,HARRIS,1,0,1,2023-05-01T00:00:00.000,7,0,17,0,0,17.9900,0.0000,76.1600,0.0000,0.0000,9.7800,103.9300
00524_6_2023_SUMMERSFSPCEREIMBURSEMENTS,2022-2023,SUMMERSFSPCEREIMBURSEMENTS,00524,KATY ISD,Educational Institution,School Food Authority,4,3,101-914,HARRIS,7,0,7,2023-06-01T00:00:00.000,12893,0,34570,0,0,33135.0100,0.0000,154873.6000,0.0000,0.0000,19535.6200,207544.2300
00524_7_2023_SUMMERSFSPCEREIMBURSEMENTS,2022-2023,SUMMERSFSPCEREIMBURSEMENTS,00524,KATY ISD,Educational Institution,School Food Authority,4,3,101-914,HARRIS,4,0,4,2023-07-01T00:00:00.000,101,0,3561,0,0,259.5700,0.0000,15953.2800,0.0000,0.0000,1699.4300,17912.2800
00524_8_2023_SUMMERSFSPCEREIMBURSEMENTS,2022-2023,SUMMERSFSPCEREIMBURSEMENTS,00524,KATY ISD,Educational Institution,School Food Authority,4,3,101-914,HARRIS,1,0,1,2023-08-01T00:00:00.000,21,0,111,0,0,53.9700,0.0000,497.2800,0.0000,0.0000,57.5300,608.7800
00531_5_2023_SUMMERSFSPCEREIMBURSEMENTS,2022-2023,SUMMERSFSPCEREIMBURSEMENTS,00531,SHELDON ISD,Educational Institution,School Food Authority,4,3,101-924,HARRIS,4,0,4,2023-05-01T00:00:00.000,300,0,408,0,0,771.0000,0.0000,1827.8400,0.0000,0.0000,268.2600,2867.1000
00531_6_2023_SUMMERSFSPCEREIMBURSEMENTS,2022-2023,SUMMERSFSPCEREIMBURSEMENTS,00531,SHELDON ISD,Educational Institution,School Food Authority,4,3,101-924,HARRIS,7,0,7,2023-06-01T00:00:00.000,8240,0,13551,0,0,21176.8000,0.0000,60708.4800,0.0000,0.0000,8470.1700,90355.4500
00531_7_2023_SUMMERSFSPCEREIMBURSEMENTS,2022-2023,SUMMERSFSPCEREIMBURSEMENTS,00531,SHELDON ISD,Educational Institution,School Food Authority,4,3,101-924,HARRIS,2,0,2,2023-07-01T00:00:00.000,148,0,406,0,0,380.3600,0.0000,1818.8800,0.0000,0.0000,228.5600,2427.8000
00665_6_2023_SUMMERSFSPCEREIMBURSEMENTS,2022-2023,SUMMERSFSPCEREIMBURSEMENTS,00665,CLEBURNE ISD,Educational Institution,School Food Authority,11,2,126-903,JOHNSON,2,0,2,2023-06-01T00:00:00.000,2140,0,4434,0,0,5499.8000,0.0000,19864.3200,0.0000,0.0000,2629.6800,27993.8000
00665_7_2023_SUMMERSFSPCEREIMBURSEMENTS,2022-2023,SUMMERSFSPCEREIMBURSEMENTS,00665,CLEBURNE ISD,Educational Institution,School Food Authority,11,2,126-903,JOHNSON,2,0,2,2023-07-01T00:00:00.000,485,0,1018,0,0,1246.4500,0.0000,4560.6400,0.0000,0.0000,602.1400,6409.2300
00674_5_2023_SUMMERSFSPCEREIMBURSEMENTS,2022-2023,SUMMERSFSPCEREIMBURSEMENTS,00674,HAWLEY ISD,Educational Institution,School Food Authority,14,1,127-904,JONES,1,0,1,2023-05-01T00:00:00.000,28,0,130,0,0,71.9600,0.0000,582.4000,0.0000,0.0000,68.2400,722.6000
00674_6_2023_SUMMERSFSPCEREIMBURSEMENTS,2022-2023,SUMMERSFSPCEREIMBURSEMENTS,00674,HAWLEY ISD,Educational Institution,School Food Authority,14,1,127-904,JONES,1,0,1,2023-06-01T00:00:00.000,145,0,351,0,0,372.6500,0.0000,1572.4800,0.0000,0.0000,201.9500,2147.0800
00686_6_2023_SUMMERSFSPCEREIMBURSEMENTS,2022-2023,SUMMERSFSPCEREIMBURSEMENTS,00686,TERRELL ISD,Educational Institution,School Food Authority,10,2,129-906,KAUFMAN,4,0,4,2023-06-01T00:00:00.000,3796,0,5732,0,0,9755.7200,0.0000,25679.3600,0.0000,0.0000,3662.0200,39097.1000
00686_7_2023_SUMMERSFSPCEREIMBURSEMENTS,2022-2023,SUMMERSFSPCEREIMBURSEMENTS,00686,TERRELL ISD,Educational Institution,School Food Authority,10,2,129-906,KAUFMAN,3,0,3,2023-07-01T00:00:00.000,366,0,762,0,0,940.6200,0.0000,3413.7600,0.0000,0.0000,451.4700,4805.8500
00703_5_2023_SUMMERSFSPCEREIMBURSEMENTS,2022-2023,SUMMERSFSPCEREIMBURSEMENTS,00703,MUNDAY CISD,Educational Institution,School Food Authority,9,1,138-903,KNOX,1,0,1,2023-05-01T00:00:00.000,127,0,217,0,0,326.3900,0.0000,972.1600,0.0000,0.0000,134.3800,1432.9300
00703_6_2023_SUMMERSFSPCEREIMBURSEMENTS,2022-2023,SUMMERSFSPCEREIMBURSEMENTS,00703,MUNDAY CISD,Educational Institution,School Food Authority,9,1,138-903,KNOX,1,0,1,2023-06-01T00:00:00.000,552,0,858,0,0,1418.6400,0.0000,3843.8400,0.0000,0.0000,544.0200,5806.5000
00712_5_2023_SUMMERSFSPCEREIMBURSEMENTS,2022-2023,SUMMERSFSPCEREIMBURSEMENTS,00712,OLTON ISD,Educational Institution,School Food Authority,17,1,140-905,LAMB,1,0,1,2023-05-01T00:00:00.000,74,0,104,0,0,190.1800,0.0000,465.9200,0.0000,0.0000,67.7500,723.8500
00712_6_2023_SUMMERSFSPCEREIMBURSEMENTS,2022-2023,SUMMERSFSPCEREIMBURSEMENTS,00712,OLTON ISD,Educational Institution,School Food Authority,17,1,140-905,LAMB,1,0,1,2023-06-01T00:00:00.000,562,0,739,0,0,1444.3400,0.0000,3310.7200,0.0000,0.0000,490.6400,5245.7000
00714_6_2023_SUMMERSFSPCEREIMBURSEMENTS,2022-2023,SUMMERSFSPCEREIMBURSEMENTS,00714,SUDAN ISD,Educational Institution,School Food Authority,17,1,140-908,LAMB,1,0,1,2023-06-01T00:00:00.000,0,0,350,0,0,0.0000,0.0000,1568.0000,0.0000,0.0000,164.5000,1732.5000
00769_5_2023_SUMMERSFSPCEREIMBURSEMENTS,2022-2023,SUMMERSFSPCEREIMBURSEMENTS,00769,BAY CITY ISD,Educational Institution,School Food Authority,3,3,158-901,MATAGORDA,3,0,3,2023-05-01T00:00:00.000,330,0,529,0,0,848.1000,0.0000,2369.9200,0.0000,0.0000,332.7800,3550.8000
00769_6_2023_SUMMERSFSPCEREIMBURSEMENTS,2022-2023,SUMMERSFSPCEREIMBURSEMENTS,00769,BAY CITY ISD,Educational Institution,School Food Authority,3,3,158-901,MATAGORDA,3,0,3,2023-06-01T00:00:00.000,3773,0,5691,0,0,9696.6100,0.0000,25495.6800,0.0000,0.0000,3636.8900,38829.1800
00769_7_2023_SUMMERSFSPCEREIMBURSEMENTS,2022-2023,SUMMERSFSPCEREIMBURSEMENTS,00769,BAY CITY ISD,Educational Institution,School Food Authority,3,3,158-901,MATAGORDA,1,0,1,2023-07-01T00:00:00.000,1116,0,1252,0,0,2868.1200,0.0000,5608.9600,0.0000,0.0000,873.0200,9350.1000
00772_5_2023_SUMMERSFSPCEREIMBURSEMENTS,2022-2023,SUMMERSFSPCEREIMBURSEMENTS,00772,PALACIOS ISD,Educational Institution,School Food Authority,3,3,158-905,MATAGORDA,1,0,1,2023-05-01T00:00:00.000,17,0,21,0,0,43.6900,0.0000,94.0800,0.0000,0.0000,14.2100,151.9800
00772_6_2023_SUMMERSFSPCEREIMBURSEMENTS,2022-2023,SUMMERSFSPCEREIMBURSEMENTS,00772,PALACIOS ISD,Educational Institution,School Food Authority,3,3,158-905,MATAGORDA,1,0,1,2023-06-01T00:00:00.000,549,0,2078,0,0,1410.9300,0.0000,9309.4400,0.0000,0.0000,1116.6600,11837.0300
00774_5_2023_SUMMERSFSPCEREIMBURSEMENTS,2022-2023,SUMMERSFSPCEREIMBURSEMENTS,00774,EAGLE PASS ISD,Educational Institution,School Food Authority,20,4,159-901,MAVERICK,1,0,1,2023-05-01T00:00:00.000,0,0,135,0,0,0.0000,0.0000,604.8000,0.0000,0.0000,63.4500,668.2500
00774_6_2023_SUMMERSFSPCEREIMBURSEMENTS,2022-2023,SUMMERSFSPCEREIMBURSEMENTS,00774,EAGLE PASS ISD,Educational Institution,School Food Authority,20,4,159-901,MAVERICK,5,0,5,2023-06-01T00:00:00.000,0,0,13965,0,0,0.0000,0.0000,62563.2000,0.0000,0.0000,6563.5500,69126.7500
00777_6_2023_SUMMERSFSPCEREIMBURSEMENTS,2022-2023,SUMMERSFSPCEREIMBURSEMENTS,00777,LOHN ISD,Educational Institution,School Food Authority,15,4,160-905,MCCULLOCH,1,0,1,2023-06-01T00:00:00.000,183,0,306,0,0,470.3100,0.0000,1370.8800,0.0000,0.0000,190.4900,2031.6800
00802_5_2023_SUMMERSFSPCEREIMBURSEMENTS,2022-2023,SUMMERSFSPCEREIMBURSEMENTS,00802,NATALIA ISD,Educational Institution,School Food Authority,20,4,163-903,MEDINA,1,0,1,2023-05-01T00:00:00.000,12,0,20,0,0,30.8400,0.0000,89.6000,0.0000,0.0000,12.4600,132.9000
00802_6_2023_SUMMERSFSPCEREIMBURSEMENTS,2022-2023,SUMMERSFSPCEREIMBURSEMENTS,00802,NATALIA ISD,Educational Institution,School Food Authority,20,4,163-903,MEDINA,3,0,3,2023-06-01T00:00:00.000,1265,188,1723,0,0,3251.0500,195.5200,7719.0400,0.0000,0.0000,1156.3600,12321.9700
00844_5_2023_SUMMERSFSPCEREIMBURSEMENTS,2022-2023,SUMMERSFSPCEREIMBURSEMENTS,00844,NACOGDOCHES ISD,Educational Institution,School Food Authority,7,3,174-904,NACOGDOCHES,1,0,1,2023-05-01T00:00:00.000,327,0,348,0,0,840.3900,0.0000,1559.0400,0.0000,0.0000,246.9500,2646.3800
00844_6_2023_SUMMERSFSPCEREIMBURSEMENTS,2022-2023,SUMMERSFSPCEREIMBURSEMENTS,00844,NACOGDOCHES ISD,Educational Institution,School Food Authority,7,3,174-904,NACOGDOCHES,6,0,6,2023-06-01T00:00:00.000,8164,0,16746,0,0,20981.4800,0.0000,75022.0800,0.0000,0.0000,9952.4400,105956.0000
00844_7_2023_SUMMERSFSPCEREIMBURSEMENTS,2022-2023,SUMMERSFSPCEREIMBURSEMENTS,00844,NACOGDOCHES ISD,Educational Institution,School Food Authority,7,3,174-904,NACOGDOCHES,7,0,7,2023-07-01T00:00:00.000,4086,0,8800,0,57,10501.0200,0.0000,39424.0000,0.0000,255.3600,5204.7200,55385.1000
00876_6_2023_SUMMERSFSPCEREIMBURSEMENTS,2022-2023,SUMMERSFSPCEREIMBURSEMENTS,00876,FLOUR BLUFF ISD,Educational Institution,School Food Authority,2,5,178-914,NUECES,2,0,2,2023-06-01T00:00:00.000,3324,0,5127,0,0,8542.6800,0.0000,22968.9600,0.0000,0.0000,3257.3100,34768.9500
00876_7_2023_SUMMERSFSPCEREIMBURSEMENTS,2022-2023,SUMMERSFSPCEREIMBURSEMENTS,00876,FLOUR BLUFF ISD,Educational Institution,School Food Authority,2,5,178-914,NUECES,1,0,1,2023-07-01T00:00:00.000,1157,0,1352,0,0,2973.4900,0.0000,6056.9600,0.0000,0.0000,930.4800,9960.9300
00884_6_2023_SUMMERSFSPCEREIMBURSEMENTS,2022-2023,SUMMERSFSPCEREIMBURSEMENTS,00884,WEST ORANGE-COVE CONS ISD,Educational Institution,School Food Authority,5,3,181-906,ORANGE,6,0,6,2023-06-01T00:00:00.000,1991,0,2748,0,0,5116.8700,0.0000,12311.0400,0.0000,0.0000,1799.2700,19227.1800
00884_7_2023_SUMMERSFSPCEREIMBURSEMENTS,2022-2023,SUMMERSFSPCEREIMBURSEMENTS,00884,WEST ORANGE-COVE CONS ISD,Educational Institution,School Food Authority,5,3,181-906,ORANGE,7,0,7,2023-07-01T00:00:00.000,612,0,1083,150,0,1572.8400,0.0000,4851.8400,156.0000,0.0000,684.2000,7264.8800
00940_6_2023_SUMMERSFSPCEREIMBURSEMENTS,2022-2023,SUMMERSFSPCEREIMBURSEMENTS,00940,CALVERT ISD,Educational Institution,School Food Authority,6,3,198-902,ROBERTSON,1,0,1,2023-06-01T00:00:00.000,477,0,686,0,0,1225.8900,0.0000,3073.2800,0.0000,0.0000,444.0600,4743.2300
00943_5_2023_SUMMERSFSPCEREIMBURSEMENTS,2022-2023,SUMMERSFSPCEREIMBURSEMENTS,00943,MUMFORD ISD,Educational Institution,School Food Authority,6,3,198-906,ROBERTSON,1,0,1,2023-05-01T00:00:00.000,234,0,247,0,0,601.3800,0.0000,1106.5600,0.0000,0.0000,175.7600,1883.7000
00943_6_2023_SUMMERSFSPCEREIMBURSEMENTS,2022-2023,SUMMERSFSPCEREIMBURSEMENTS,00943,MUMFORD ISD,Educational Institution,School Food Authority,6,3,198-906,ROBERTSON,1,0,1,2023-06-01T00:00:00.000,1411,0,1409,0,0,3626.2700,0.0000,6312.3200,0.0000,0.0000,1022.0400,10960.6300
00965_6_2023_SUMMERSFSPCEREIMBURSEMENTS,2022-2023,SUMMERSFSPCEREIMBURSEMENTS,00965,GREGORY-PORTLAND ISD,Educational Institution,School Food Authority,2,5,205-902,SAN PATRICIO,5,0,5,2023-06-01T00:00:00.000,1239,0,3128,0,0,3184.2300,0.0000,14013.4400,0.0000,0.0000,1786.1100,18983.7800
00965_7_2023_SUMMERSFSPCEREIMBURSEMENTS,2022-2023,SUMMERSFSPCEREIMBURSEMENTS,00965,GREGORY-PORTLAND ISD,Educational Institution,School Food Authority,2,5,205-902,SAN PATRICIO,3,0,3,2023-07-01T00:00:00.000,951,0,2478,0,0,2444.0700,0.0000,11101.4400,0.0000,0.0000,1407.1700,14952.6800
00967_5_2023_SUMMERSFSPCEREIMBURSEMENTS,2022-2023,SUMMERSFSPCEREIMBURSEMENTS,00967,MATHIS ISD,Educational Institution,School Food Authority,2,5,205-904,SAN PATRICIO,2,0,2,2023-05-01T00:00:00.000,434,0,534,0,0,1115.3800,0.0000,2392.3200,0.0000,0.0000,361.6500,3869.3500
00967_6_2023_SUMMERSFSPCEREIMBURSEMENTS,2022-2023,SUMMERSFSPCEREIMBURSEMENTS,00967,MATHIS ISD,Educational Institution,School Food Authority,2,5,205-904,SAN PATRICIO,2,0,2,2023-06-01T00:00:00.000,2554,0,4332,0,0,6563.7800,0.0000,19407.3600,0.0000,0.0000,2687.3100,28658.4500
00969_5_2023_SUMMERSFSPCEREIMBURSEMENTS,2022-2023,SUMMERSFSPCEREIMBURSEMENTS,00969,SINTON ISD,Educational Institution,School Food Authority,2,5,205-906,SAN PATRICIO,1,0,1,2023-05-01T00:00:00.000,80,0,278,0,0,205.6000,0.0000,1245.4400,0.0000,0.0000,151.0600,1602.1000
00969_6_2023_SUMMERSFSPCEREIMBURSEMENTS,2022-2023,SUMMERSFSPCEREIMBURSEMENTS,00969,SINTON ISD,Educational Institution,School Food Authority,2,5,205-906,SAN PATRICIO,2,0,2,2023-06-01T00:00:00.000,689,0,1646,0,0,1770.7300,0.0000,7374.0800,0.0000,0.0000,949.3200,10094.1300
00969_7_2023_SUMMERSFSPCEREIMBURSEMENTS,2022-2023,SUMMERSFSPCEREIMBURSEMENTS,00969,SINTON ISD,Educational Institution,School Food Authority,2,5,205-906,SAN PATRICIO,1,0,1,2023-07-01T00:00:00.000,36,0,144,0,0,92.5200,0.0000,645.1200,0.0000,0.0000,76.8600,814.5000
00983_6_2023_SUMMERSFSPCEREIMBURSEMENTS,2022-2023,SUMMERSFSPCEREIMBURSEMENTS,00983,TENAHA ISD,Educational Institution,School Food Authority,7,3,210-904,SHELBY,1,0,1,2023-06-01T00:00:00.000,580,0,813,0,0,1490.6000,0.0000,3642.2400,0.0000,0.0000,530.0100,5662.8500
01006_6_2023_SUMMERSFSPCEREIMBURSEMENTS,2022-2023,SUMMERSFSPCEREIMBURSEMENTS,01006,SONORA ISD,Educational Institution,School Food Authority,15,4,218-901,SUTTON,1,0,1,2023-06-01T00:00:00.000,1900,0,1825,0,0,4883.0000,0.0000,8176.0000,0.0000,0.0000,1342.2500,14401.2500
01017_5_2023_SUMMERSFSPCEREIMBURSEMENTS,2022-2023,SUMMERSFSPCEREIMBURSEMENTS,01017,ARLINGTON ISD,Educational Institution,School Food Authority,11,2,220-901,TARRANT,2,0,2,2023-05-01T00:00:00.000,182,0,223,0,0,467.7400,0.0000,999.0400,0.0000,0.0000,151.2200,1618.0000
01017_6_2023_SUMMERSFSPCEREIMBURSEMENTS,2022-2023,SUMMERSFSPCEREIMBURSEMENTS,01017,ARLINGTON ISD,Educational Institution,School Food Authority,11,2,220-901,TARRANT,38,1,37,2023-06-01T00:00:00.000,52663,0,105521,0,0,135343.9100,0.0000,472734.0800,0.0000,0.0000,63023.9400,671101.9300
01017_7_2023_SUMMERSFSPCEREIMBURSEMENTS,2022-2023,SUMMERSFSPCEREIMBURSEMENTS,01017,ARLINGTON ISD,Educational Institution,School Food Authority,11,2,220-901,TARRANT,15,1,14,2023-07-01T00:00:00.000,9094,0,18148,0,0,23371.5800,0.0000,81303.0400,0.0000,0.0000,10848.5300,115523.1500
01017_8_2023_SUMMERSFSPCEREIMBURSEMENTS,2022-2023,SUMMERSFSPCEREIMBURSEMENTS,01017,ARLINGTON ISD,Educational Institution,School Food Authority,11,2,220-901,TARRANT,10,0,10,2023-08-01T00:00:00.000,1290,0,4094,0,0,3315.3000,0.0000,18341.1200,0.0000,0.0000,2253.1300,23909.5500
01023_5_2023_SUMMERSFSPCEREIMBURSEMENTS,2022-2023,SUMMERSFSPCEREIMBURSEMENTS,01023,MANSFIELD ISD,Educational Institution,School Food Authority,11,2,220-908,TARRANT,7,0,7,2023-05-01T00:00:00.000,415,0,604,0,0,1066.5500,0.0000,2705.9200,0.0000,0.0000,389.7100,4162.1800
01023_6_2023_SUMMERSFSPCEREIMBURSEMENTS,2022-2023,SUMMERSFSPCEREIMBURSEMENTS,01023,MANSFIELD ISD,Educational Institution,School Food Authority,11,2,220-908,TARRANT,16,0,16,2023-06-01T00:00:00.000,9797,0,21282,0,0,25178.2900,0.0000,95343.3600,0.0000,0.0000,12500.7800,133022.4300
01023_7_2023_SUMMERSFSPCEREIMBURSEMENTS,2022-2023,SUMMERSFSPCEREIMBURSEMENTS,01023,MANSFIELD ISD,Educational Institution,School Food Authority,11,2,220-908,TARRANT,6,0,6,2023-07-01T00:00:00.000,2814,0,6854,0,0,7231.9800,0.0000,30705.9200,0.0000,0.0000,3938.9500,41876.8500
01024_5_2023_SUMMERSFSPCEREIMBURSEMENTS,2022-2023,SUMMERSFSPCEREIMBURSEMENTS,01024,LAKE WORTH ISD,Educational Institution,School Food Authority,11,2,220-910,TARRANT,1,0,1,2023-05-01T00:00:00.000,226,0,334,0,0,580.8200,0.0000,1496.3200,0.0000,0.0000,214.6100,2291.7500
01024_6_2023_SUMMERSFSPCEREIMBURSEMENTS,2022-2023,SUMMERSFSPCEREIMBURSEMENTS,01024,LAKE WORTH ISD,Educational Institution,School Food Authority,11,2,220-910,TARRANT,2,0,2,2023-06-01T00:00:00.000,4045,0,7222,0,0,10395.6500,0.0000,32354.5600,0.0000,0.0000,4425.8200,47176.0300
01024_7_2023_SUMMERSFSPCEREIMBURSEMENTS,2022-2023,SUMMERSFSPCEREIMBURSEMENTS,01024,LAKE WORTH ISD,Educational Institution,School Food Authority,11,2,220-910,TARRANT,1,0,1,2023-07-01T00:00:00.000,684,0,1438,0,0,1757.8800,0.0000,6442.2400,0.0000,0.0000,850.2800,9050.4000
01024_8_2023_SUMMERSFSPCEREIMBURSEMENTS,2022-2023,SUMMERSFSPCEREIMBURSEMENTS,01024,LAKE WORTH ISD,Educational Institution,School Food Authority,11,2,220-910,TARRANT,1,0,1,2023-08-01T00:00:00.000,0,0,711,0,0,0.0000,0.0000,3185.2800,0.0000,0.0000,334.1700,3519.4500
01029_6_2023_SUMMERSFSPCEREIMBURSEMENTS,2022-2023,SUMMERSFSPCEREIMBURSEMENTS,01029,CASTLEBERRY ISD,Educational Institution,School Food Authority,11,2,220-917,TARRANT,5,0,5,2023-06-01T00:00:00.000,13309,0,21487,0,0,34204.1300,0.0000,96261.7600,0.0000,0.0000,13492.6900,143958.5800
01034_5_2023_SUMMERSFSPCEREIMBURSEMENTS,2022-2023,SUMMERSFSPCEREIMBURSEMENTS,01034,ABILENE ISD,Educational Institution,School Food Authority,14,1,221-901,TAYLOR,1,0,1,2023-05-01T00:00:00.000,0,0,88,0,0,0.0000,0.0000,394.2400,0.0000,0.0000,41.3600,435.6000
01034_6_2023_SUMMERSFSPCEREIMBURSEMENTS,2022-2023,SUMMERSFSPCEREIMBURSEMENTS,01034,ABILENE ISD,Educational Institution,School Food Authority,14,1,221-901,TAYLOR,13,0,13,2023-06-01T00:00:00.000,9040,0,20658,0,0,23232.8000,0.0000,92547.8400,0.0000,0.0000,12014.4600,127795.1000
01034_7_2023_SUMMERSFSPCEREIMBURSEMENTS,2022-2023,SUMMERSFSPCEREIMBURSEMENTS,01034,ABILENE ISD,Educational Institution,School Food Authority,14,1,221-901,TAYLOR,7,0,7,2023-07-01T00:00:00.000,4851,0,9532,0,0,12467.0700,0.0000,42703.3600,0.0000,0.0000,5717.0500,60887.4800
01040_5_2023_SUMMERSFSPCEREIMBURSEMENTS,2022-2023,SUMMERSFSPCEREIMBURSEMENTS,01040,BROWNFIELD ISD,Educational Institution,School Food Authority,17,1,223-901,TERRY,5,0,5,2023-05-01T00:00:00.000,223,0,196,0,0,573.1100,0.0000,878.0800,0.0000,0.0000,148.9900,1600.1800
01040_6_2023_SUMMERSFSPCEREIMBURSEMENTS,2022-2023,SUMMERSFSPCEREIMBURSEMENTS,01040,BROWNFIELD ISD,Educational Institution,School Food Authority,17,1,223-901,TERRY,5,0,5,2023-06-01T00:00:00.000,3433,0,4565,0,403,8822.8100,0.0000,20451.2000,0.0000,1805.4400,3210.3800,34289.8300
01041_5_2023_SUMMERSFSPCEREIMBURSEMENTS,2022-2023,SUMMERSFSPCEREIMBURSEMENTS,01041,MEADOW ISD,Educational Institution,School Food Authority,17,1,223-902,TERRY,1,0,1,2023-05-01T00:00:00.000,50,0,50,0,0,128.5000,0.0000,224.0000,0.0000,0.0000,36.2500,388.7500
01041_6_2023_SUMMERSFSPCEREIMBURSEMENTS,2022-2023,SUMMERSFSPCEREIMBURSEMENTS,01041,MEADOW ISD,Educational Institution,School Food Authority,17,1,223-902,TERRY,1,0,1,2023-06-01T00:00:00.000,280,0,291,0,0,719.6000,0.0000,1303.6800,0.0000,0.0000,208.1700,2231.4500
01051_6_2023_SUMMERSFSPCEREIMBURSEMENTS,2022-2023,SUMMERSFSPCEREIMBURSEMENTS,01051,SAN ANGELO ISD,Educational Institution,School Food Authority,15,4,226-903,TOM GREEN,4,0,4,2023-06-01T00:00:00.000,4970,0,6668,0,0,12772.9000,0.0000,29872.6400,0.0000,0.0000,4401.3100,47046.8500
01051_7_2023_SUMMERSFSPCEREIMBURSEMENTS,2022-2023,SUMMERSFSPCEREIMBURSEMENTS,01051,SAN ANGELO ISD,Educational Institution,School Food Authority,15,4,226-903,TOM GREEN,2,0,2,2023-07-01T00:00:00.000,210,0,445,0,0,539.7000,0.0000,1993.6000,0.0000,0.0000,262.7000,2796.0000
01096_6_2023_SUMMERSFSPCEREIMBURSEMENTS,2022-2023,SUMMERSFSPCEREIMBURSEMENTS,01096,UVALDE CONS ISD,Educational Institution,School Food Authority,20,4,232-903,UVALDE,5,0,5,2023-06-01T00:00:00.000,4667,0,6461,0,0,11994.1900,0.0000,28945.2800,0.0000,0.0000,4226.7600,45166.2300
01096_7_2023_SUMMERSFSPCEREIMBURSEMENTS,2022-2023,SUMMERSFSPCEREIMBURSEMENTS,01096,UVALDE CONS ISD,Educational Institution,School Food Authority,20,4,232-903,UVALDE,5,0,5,2023-07-01T00:00:00.000,1316,0,1475,0,0,3382.1200,0.0000,6608.0000,0.0000,0.0000,1028.8300,11018.9500
01114_6_2023_SUMMERSFSPCEREIMBURSEMENTS,2022-2023,SUMMERSFSPCEREIMBURSEMENTS,01114,WALLER ISD,Educational Institution,School Food Authority,4,3,237-904,WALLER,2,0,2,2023-06-01T00:00:00.000,4351,0,7158,0,0,11182.0700,0.0000,32067.8400,0.0000,0.0000,4473.7700,47723.6800
01138_6_2023_SUMMERSFSPCEREIMBURSEMENTS,2022-2023,SUMMERSFSPCEREIMBURSEMENTS,01138,WICHITA FALLS ISD,Educational Institution,School Food Authority,9,2,243-905,WICHITA,7,0,7,2023-06-01T00:00:00.000,3894,0,6280,0,0,10007.5800,0.0000,28134.4000,0.0000,0.0000,3944.5700,42086.5500
01138_7_2023_SUMMERSFSPCEREIMBURSEMENTS,2022-2023,SUMMERSFSPCEREIMBURSEMENTS,01138,WICHITA FALLS ISD,Educational Institution,School Food Authority,9,2,243-905,WICHITA,5,0,5,2023-07-01T00:00:00.000,2546,0,4890,0,0,6543.2200,0.0000,21907.2000,0.0000,0.0000,2947.5300,31397.9500
01156_6_2023_SUMMERSFSPCEREIMBURSEMENTS,2022-2023,SUMMERSFSPCEREIMBURSEMENTS,01156,LEANDER ISD,Educational Institution,School Food Authority,13,4,246-913,WILLIAMSON,3,0,3,2023-06-01T00:00:00.000,3449,0,4720,0,0,8863.9300,0.0000,21145.6000,0.0000,0.0000,3097.9000,33107.4300
01156_7_2023_SUMMERSFSPCEREIMBURSEMENTS,2022-2023,SUMMERSFSPCEREIMBURSEMENTS,01156,LEANDER ISD,Educational Institution,School Food Authority,13,4,246-913,WILLIAMSON,3,0,3,2023-07-01T00:00:00.000,362,0,730,0,0,930.3400,0.0000,3270.4000,0.0000,0.0000,435.4100,4636.1500
01177_6_2023_SUMMERSFSPCEREIMBURSEMENTS,2022-2023,SUMMERSFSPCEREIMBURSEMENTS,01177,DENVER CITY ISD,Educational Institution,School Food Authority,17,1,251-901,YOAKUM,2,0,2,2023-06-01T00:00:00.000,1655,0,3462,0,0,4253.3500,0.0000,15509.7600,0.0000,0.0000,2049.1700,21812.2800
01214_6_2023_SUMMERSFSPCEREIMBURSEMENTS,2022-2023,SUMMERSFSPCEREIMBURSEMENTS,01214,"BOYS & GIRLS CLUB OF DENISON, INC",Private Non Profit Organization,Private Nonprofit,10,2,091-,GRAYSON,1,0,1,2023-06-01T00:00:00.000,721,0,2445,0,0,1852.9700,0.0000,10953.6000,0.0000,0.0000,1333.0100,14139.5800
01214_7_2023_SUMMERSFSPCEREIMBURSEMENTS,2022-2023,SUMMERSFSPCEREIMBURSEMENTS,01214,"BOYS & GIRLS CLUB OF DENISON, INC",Private Non Profit Organization,Private Nonprofit,10,2,091-,GRAYSON,1,0,1,2023-07-01T00:00:00.000,935,0,2275,0,0,2402.9500,0.0000,10192.0000,0.0000,0.0000,1307.6800,13902.6300
01214_8_2023_SUMMERSFSPCEREIMBURSEMENTS,2022-2023,SUMMERSFSPCEREIMBURSEMENTS,01214,"BOYS & GIRLS CLUB OF DENISON, INC",Private Non Profit Organization,Private Nonprofit,10,2,091-,GRAYSON,1,0,1,2023-08-01T00:00:00.000,157,0,401,0,0,403.4900,0.0000,1796.4800,0.0000,0.0000,228.5100,2428.4800
01512_6_2023_SUMMERSFSPCEREIMBURSEMENTS,2022-2023,SUMMERSFSPCEREIMBURSEMENTS,01512,"FORT WORTH COUNTRY DAY SCHOOL, INC.",Private Non Profit Organization,Private Nonprofit,11,2,220-,TARRANT,1,0,1,2023-06-01T00:00:00.000,1728,0,1836,0,0,4440.9600,0.0000,8225.2800,0.0000,0.0000,1065.9600,13732.2000
01512_7_2023_SUMMERSFSPCEREIMBURSEMENTS,2022-2023,SUMMERSFSPCEREIMBURSEMENTS,01512,"FORT WORTH COUNTRY DAY SCHOOL, INC.",Private Non Profit Organization,Private Nonprofit,11,2,220-,TARRANT,1,0,1,2023-07-01T00:00:00.000,3456,0,3585,0,0,8881.9200,0.0000,16060.8000,0.0000,0.0000,2097.9900,27040.7100
01518_6_2023_SUMMERSFSPCEREIMBURSEMENTS,2022-2023,SUMMERSFSPCEREIMBURSEMENTS,01518,"THE BOYS AND GIRLS CLUBS OF VERNON, INC",Private Non Profit Organization,Private Nonprofit,9,2,244-,WILBARGER,2,0,2,2023-06-01T00:00:00.000,2011,0,5662,0,0,5168.2700,0.0000,25365.7600,0.0000,0.0000,3173.9500,33707.9800
01518_7_2023_SUMMERSFSPCEREIMBURSEMENTS,2022-2023,SUMMERSFSPCEREIMBURSEMENTS,01518,"THE BOYS AND GIRLS CLUBS OF VERNON, INC",Private Non Profit Organization,Private Nonprofit,9,2,244-,WILBARGER,2,0,2,2023-07-01T00:00:00.000,1022,0,2933,0,0,2626.5400,0.0000,13139.8400,0.0000,0.0000,1639.1200,17405.5000
01524_7_2023_SUMMERSFSPCEREIMBURSEMENTS,2022-2023,SUMMERSFSPCEREIMBURSEMENTS,01524,Shackelford County Community Resource Center,Private Non Profit Organization,Private Nonprofit,14,1,209-,SHACKELFORD,1,0,1,2023-07-01T00:00:00.000,0,1087,1088,0,0,0.0000,1130.4800,4874.2400,0.0000,0.0000,649.9500,6654.6700
01525_7_2023_SUMMERSFSPCEREIMBURSEMENTS,2022-2023,SUMMERSFSPCEREIMBURSEMENTS,01525,CITY OF HOUSTON,Government Agency,Unit of Government,4,3,101-,HARRIS,73,0,73,2023-07-01T00:00:00.000,17249,0,22069,0,0,44329.9300,0.0000,98869.1200,0.0000,0.0000,12099.8300,155298.8800
01525_8_2023_SUMMERSFSPCEREIMBURSEMENTS,2022-2023,SUMMERSFSPCEREIMBURSEMENTS,01525,CITY OF HOUSTON,Government Agency,Unit of Government,4,3,101-,HARRIS,67,0,67,2023-08-01T00:00:00.000,6304,0,9802,0,0,16201.2800,0.0000,43912.9600,0.0000,0.0000,5099.3400,65213.5800
01530_6_2023_SUMMERSFSPCEREIMBURSEMENTS,2022-2023,SUMMERSFSPCEREIMBURSEMENTS,01530,SAN ANTONIO FOOD BANK,Private Non Profit Organization,Private Nonprofit,20,4,015-,BEXAR,91,0,91,2023-06-01T00:00:00.000,5158,0,24522,17516,0,13256.0600,0.0000,109858.5600,18216.6400,0.0000,15073.9200,156405.1800
01530_7_2023_SUMMERSFSPCEREIMBURSEMENTS,2022-2023,SUMMERSFSPCEREIMBURSEMENTS,01530,SAN ANTONIO FOOD BANK,Private Non Profit Organization,Private Nonprofit,20,4,015-,BEXAR,121,0,121,2023-07-01T00:00:00.000,7184,0,55159,39566,0,18462.8800,0.0000,247112.3200,41148.6400,0.0000,32801.3200,339525.1600
01530_8_2023_SUMMERSFSPCEREIMBURSEMENTS,2022-2023,SUMMERSFSPCEREIMBURSEMENTS,01530,SAN ANTONIO FOOD BANK,Private Non Profit Organization,Private Nonprofit,20,4,015-,BEXAR,89,0,89,2023-08-01T00:00:00.000,1686,0,11340,6122,0,4333.0200,0.0000,50803.2000,6366.8800,0.0000,6540.2900,68043.3900
01531_6_2023_SUMMERSFSPCEREIMBURSEMENTS,2022-2023,SUMMERSFSPCEREIMBURSEMENTS,01531,TEXAS A&M UNIVERSITY CORPUS CHRISTI,Government Agency,Unit of Government,2,5,178-,NUECES,1,0,1,2023-06-01T00:00:00.000,0,0,2176,0,0,0.0000,0.0000,9748.4800,0.0000,0.0000,848.6400,10597.1200
01534_6_2023_SUMMERSFSPCEREIMBURSEMENTS,2022-2023,SUMMERSFSPCEREIMBURSEMENTS,01534,THE HOUSTON FOOD BANK,Private Non Profit Organization,Private Nonprofit,4,3,101-,GALVESTON,192,0,192,2023-06-01T00:00:00.000,23955,4297,96205,61519,0,61564.3500,4468.8800,430998.4000,63979.7600,0.0000,59716.4200,620727.8100
01534_7_2023_SUMMERSFSPCEREIMBURSEMENTS,2022-2023,SUMMERSFSPCEREIMBURSEMENTS,01534,THE HOUSTON FOOD BANK,Private Non Profit Organization,Private Nonprofit,4,3,101-,GALVESTON,191,0,191,2023-07-01T00:00:00.000,18262,4166,94133,68302,0,46933.3400,4332.6400,421715.8400,71034.0800,0.0000,58139.0000,602154.9000
01534_8_2023_SUMMERSFSPCEREIMBURSEMENTS,2022-2023,SUMMERSFSPCEREIMBURSEMENTS,01534,THE HOUSTON FOOD BANK,Private Non Profit Organization,Private Nonprofit,4,3,101-,GALVESTON,104,0,104,2023-08-01T00:00:00.000,2327,899,17367,14966,0,5980.3900,934.9600,77804.1600,15564.6400,0.0000,10778.6700,111062.8200
01538_6_2023_SUMMERSFSPCEREIMBURSEMENTS,2022-2023,SUMMERSFSPCEREIMBURSEMENTS,01538,"MARCANA ENTERPRISES, INC",Private Non Profit Organization,Private Nonprofit,19,1,071-,EL PASO,41,0,41,2023-06-01T00:00:00.000,11244,0,30946,0,5595,28897.0800,0.0000,138638.0800,0.0000,25065.6000,20041.4900,212642.2500
01538_7_2023_SUMMERSFSPCEREIMBURSEMENTS,2022-2023,SUMMERSFSPCEREIMBURSEMENTS,01538,"MARCANA ENTERPRISES, INC",Private Non Profit Organization,Private Nonprofit,19,1,071-,EL PASO,31,0,31,2023-07-01T00:00:00.000,9573,0,22763,0,5874,24602.6100,0.0000,101978.2400,0.0000,26315.5200,15900.5100,168796.8800
01544_6_2023_SUMMERSFSPCEREIMBURSEMENTS,2022-2023,SUMMERSFSPCEREIMBURSEMENTS,01544,REGIONAL EAST TEXAS FOOD BANK,Private Non Profit Organization,Private Nonprofit,7,2,212-,SMITH,33,0,33,2023-06-01T00:00:00.000,10770,0,15854,0,0,27678.9000,0.0000,71025.9200,0.0000,0.0000,10197.7300,108902.5500
01544_7_2023_SUMMERSFSPCEREIMBURSEMENTS,2022-2023,SUMMERSFSPCEREIMBURSEMENTS,01544,REGIONAL EAST TEXAS FOOD BANK,Private Non Profit Organization,Private Nonprofit,7,2,212-,SMITH,26,0,26,2023-07-01T00:00:00.000,5246,0,8054,0,0,13482.2200,0.0000,36081.9200,0.0000,0.0000,5123.1100,54687.2500
01544_8_2023_SUMMERSFSPCEREIMBURSEMENTS,2022-2023,SUMMERSFSPCEREIMBURSEMENTS,01544,REGIONAL EAST TEXAS FOOD BANK,Private Non Profit Organization,Private Nonprofit,7,2,212-,SMITH,12,0,12,2023-08-01T00:00:00.000,903,0,1214,0,0,2320.7100,0.0000,5438.7200,0.0000,0.0000,800.8500,8560.2800
01549_6_2023_SUMMERSFSPCEREIMBURSEMENTS,2022-2023,SUMMERSFSPCEREIMBURSEMENTS,01549,WEST TEXAS FOOD BANK,Private Non Profit Organization,Private Nonprofit,18,1,068-,ECTOR,12,0,12,2023-06-01T00:00:00.000,0,0,9865,8002,0,0.0000,0.0000,44195.2000,8322.0800,0.0000,5656.8100,58174.0900
01549_7_2023_SUMMERSFSPCEREIMBURSEMENTS,2022-2023,SUMMERSFSPCEREIMBURSEMENTS,01549,WEST TEXAS FOOD BANK,Private Non Profit Organization,Private Nonprofit,18,1,068-,ECTOR,12,0,12,2023-07-01T00:00:00.000,0,0,8356,6625,0,0.0000,0.0000,37434.8800,6890.0000,0.0000,4772.0100,49096.8900
01550_6_2023_SUMMERSFSPCEREIMBURSEMENTS,2022-2023,SUMMERSFSPCEREIMBURSEMENTS,01550,HIGH PLAINS FOOD BANK,Private Non Profit Organization,Private Nonprofit,16,1,188-,POTTER,8,0,8,2023-06-01T00:00:00.000,1824,0,5639,0,368,4687.6800,0.0000,25262.7200,0.0000,1648.6400,3288.4100,34887.4500
01550_7_2023_SUMMERSFSPCEREIMBURSEMENTS,2022-2023,SUMMERSFSPCEREIMBURSEMENTS,01550,HIGH PLAINS FOOD BANK,Private Non Profit Organization,Private Nonprofit,16,1,188-,POTTER,8,0,8,2023-07-01T00:00:00.000,2610,0,7427,0,572,6707.7000,0.0000,33272.9600,0.0000,2562.5600,4425.0800,46968.3000
01550_8_2023_SUMMERSFSPCEREIMBURSEMENTS,2022-2023,SUMMERSFSPCEREIMBURSEMENTS,01550,HIGH PLAINS FOOD BANK,Private Non Profit Organization,Private Nonprofit,16,1,188-,POTTER,8,0,8,2023-08-01T00:00:00.000,475,0,1345,0,86,1220.7500,0.0000,6025.6000,0.0000,385.2800,793.7000,8425.3300
01551_6_2023_SUMMERSFSPCEREIMBURSEMENTS,2022-2023,SUMMERSFSPCEREIMBURSEMENTS,01551,WICHITA FALLS AREA FOOD BANK,Private Non Profit Organization,Private Nonprofit,9,2,243-,WICHITA,6,0,6,2023-06-01T00:00:00.000,0,0,6096,5289,0,0.0000,0.0000,27310.0800,5500.5600,0.0000,3051.7900,35862.4300
01551_7_2023_SUMMERSFSPCEREIMBURSEMENTS,2022-2023,SUMMERSFSPCEREIMBURSEMENTS,01551,WICHITA FALLS AREA FOOD BANK,Private Non Profit Organization,Private Nonprofit,9,2,243-,WICHITA,6,0,6,2023-07-01T00:00:00.000,0,0,5948,4644,0,0.0000,0.0000,26647.0400,4829.7600,0.0000,2911.8300,34388.6300
01551_8_2023_SUMMERSFSPCEREIMBURSEMENTS,2022-2023,SUMMERSFSPCEREIMBURSEMENTS,01551,WICHITA FALLS AREA FOOD BANK,Private Non Profit Organization,Private Nonprofit,9,2,243-,WICHITA,6,0,6,2023-08-01T00:00:00.000,0,0,1758,1309,0,0.0000,0.0000,7875.8400,1361.3600,0.0000,852.5200,10089.7200
01567_6_2023_SUMMERSFSPCEREIMBURSEMENTS,2022-2023,SUMMERSFSPCEREIMBURSEMENTS,01567,BREAKTHROUGH,Private Non Profit Organization,Private Nonprofit,13,4,227-,TRAVIS,2,0,2,2023-06-01T00:00:00.000,1157,0,1175,0,0,2973.4900,0.0000,5264.0000,0.0000,0.0000,692.5400,8930.0300
01567_7_2023_SUMMERSFSPCEREIMBURSEMENTS,2022-2023,SUMMERSFSPCEREIMBURSEMENTS,01567,BREAKTHROUGH,Private Non Profit Organization,Private Nonprofit,13,4,227-,TRAVIS,2,0,2,2023-07-01T00:00:00.000,1578,0,1697,0,0,4055.4600,0.0000,7602.5600,0.0000,0.0000,981.3800,12639.4000
01568_6_2023_SUMMERSFSPCEREIMBURSEMENTS,2022-2023,SUMMERSFSPCEREIMBURSEMENTS,01568,KICKAPOO TRADITIONAL TRIBE OF TEXAS,Indian Tribe,Unit of Government,20,4,159-,MAVERICK,1,0,1,2023-06-01T00:00:00.000,75,0,75,0,0,192.7500,0.0000,336.0000,0.0000,0.0000,54.3800,583.1300
01568_7_2023_SUMMERSFSPCEREIMBURSEMENTS,2022-2023,SUMMERSFSPCEREIMBURSEMENTS,01568,KICKAPOO TRADITIONAL TRIBE OF TEXAS,Indian Tribe,Unit of Government,20,4,159-,MAVERICK,1,0,1,2023-07-01T00:00:00.000,573,0,573,0,0,1472.6100,0.0000,2567.0400,0.0000,0.0000,415.4300,4455.0800
01568_8_2023_SUMMERSFSPCEREIMBURSEMENTS,2022-2023,SUMMERSFSPCEREIMBURSEMENTS,01568,KICKAPOO TRADITIONAL TRIBE OF TEXAS,Indian Tribe,Unit of Government,20,4,159-,MAVERICK,1,0,1,2023-08-01T00:00:00.000,235,0,235,0,0,603.9500,0.0000,1052.8000,0.0000,0.0000,170.3800,1827.1300
01576_6_2023_SUMMERSFSPCEREIMBURSEMENTS,2022-2023,SUMMERSFSPCEREIMBURSEMENTS,01576,"Central Texas Food Bank, Inc.",Private Non Profit Organization,Private Nonprofit,13,4,227-,TRAVIS,38,0,38,2023-06-01T00:00:00.000,2379,0,15565,11278,0,6114.0300,0.0000,69731.2000,11729.1200,0.0000,7723.9700,95298.3200
01576_7_2023_SUMMERSFSPCEREIMBURSEMENTS,2022-2023,SUMMERSFSPCEREIMBURSEMENTS,01576,"Central Texas Food Bank, Inc.",Private Non Profit Organization,Private Nonprofit,13,4,227-,TRAVIS,32,0,32,2023-07-01T00:00:00.000,0,0,1378,1284,0,0.0000,0.0000,6173.4400,1335.3600,0.0000,811.3700,8320.1700
01576_8_2023_SUMMERSFSPCEREIMBURSEMENTS,2022-2023,SUMMERSFSPCEREIMBURSEMENTS,01576,"Central Texas Food Bank, Inc.",Private Non Profit Organization,Private Nonprofit,13,4,227-,TRAVIS,25,0,25,2023-08-01T00:00:00.000,0,0,4223,4014,0,0.0000,0.0000,18919.0400,4174.5600,0.0000,2496.6000,25590.2000
01602_6_2023_SUMMERSFSPCEREIMBURSEMENTS,2022-2023,SUMMERSFSPCEREIMBURSEMENTS,01602,JEFFERSON COUNTY PRECINCT 4,Government Agency,Unit of Government,5,3,123-,JEFFERSON,2,0,2,2023-06-01T00:00:00.000,0,0,1138,0,0,0.0000,0.0000,5098.2400,0.0000,0.0000,488.7000,5586.9400
01602_7_2023_SUMMERSFSPCEREIMBURSEMENTS,2022-2023,SUMMERSFSPCEREIMBURSEMENTS,01602,JEFFERSON COUNTY PRECINCT 4,Government Agency,Unit of Government,5,3,123-,JEFFERSON,2,0,2,2023-07-01T00:00:00.000,0,0,982,0,0,0.0000,0.0000,4399.3600,0.0000,0.0000,413.5400,4812.9000
01602_8_2023_SUMMERSFSPCEREIMBURSEMENTS,2022-2023,SUMMERSFSPCEREIMBURSEMENTS,01602,JEFFERSON COUNTY PRECINCT 4,Government Agency,Unit of Government,5,3,123-,JEFFERSON,2,0,2,2023-08-01T00:00:00.000,0,0,235,0,0,0.0000,0.0000,1052.8000,0.0000,0.0000,100.8500,1153.6500
01636_6_2023_SUMMERSFSPCEREIMBURSEMENTS,2022-2023,SUMMERSFSPCEREIMBURSEMENTS,01636,CITYSQUARE,Private Non Profit Organization,Private Nonprofit,10,2,057-,DALLAS,111,0,111,2023-06-01T00:00:00.000,6997,0,49151,22494,0,17982.2900,0.0000,220196.4800,23393.7600,0.0000,22835.1800,284407.7100
01636_7_2023_SUMMERSFSPCEREIMBURSEMENTS,2022-2023,SUMMERSFSPCEREIMBURSEMENTS,01636,CITYSQUARE,Private Non Profit Organization,Private Nonprofit,10,2,057-,DALLAS,106,0,106,2023-07-01T00:00:00.000,4432,0,53439,27651,0,11390.2400,0.0000,239406.7200,28757.0400,0.0000,24503.7900,304057.7900
01636_8_2023_SUMMERSFSPCEREIMBURSEMENTS,2022-2023,SUMMERSFSPCEREIMBURSEMENTS,01636,CITYSQUARE,Private Non Profit Organization,Private Nonprofit,10,2,057-,DALLAS,83,0,83,2023-08-01T00:00:00.000,0,0,12160,4925,0,0.0000,0.0000,54476.8000,5122.0000,0.0000,5234.9000,64833.7000
01685_6_2023_SUMMERSFSPCEREIMBURSEMENTS,2022-2023,SUMMERSFSPCEREIMBURSEMENTS,01685,"BOYS & GIRLS CLUBS OF AUSTIN COUNTY, INC",Private Non Profit Organization,Private Nonprofit,6,3,,AUSTIN,1,0,1,2023-06-01T00:00:00.000,0,0,0,1741,0,0.0000,0.0000,0.0000,1810.6400,0.0000,221.9800,2032.6200
01685_7_2023_SUMMERSFSPCEREIMBURSEMENTS,2022-2023,SUMMERSFSPCEREIMBURSEMENTS,01685,"BOYS & GIRLS CLUBS OF AUSTIN COUNTY, INC",Private Non Profit Organization,Private Nonprofit,6,3,,AUSTIN,1,0,1,2023-07-01T00:00:00.000,0,0,0,1331,0,0.0000,0.0000,0.0000,1384.2400,0.0000,169.7000,1553.9400
01707_5_2023_SUMMERSFSPCEREIMBURSEMENTS,2022-2023,SUMMERSFSPCEREIMBURSEMENTS,01707,Intrinsic Foundation,Private Non Profit Organization,Private Nonprofit,10,2,,DALLAS,1,0,1,2023-05-01T00:00:00.000,98,0,163,0,0,251.8600,0.0000,730.2400,0.0000,0.0000,101.6000,1083.7000
01707_6_2023_SUMMERSFSPCEREIMBURSEMENTS,2022-2023,SUMMERSFSPCEREIMBURSEMENTS,01707,Intrinsic Foundation,Private Non Profit Organization,Private Nonprofit,10,2,,DALLAS,9,0,9,2023-06-01T00:00:00.000,6982,0,7836,750,0,17943.7400,0.0000,35105.2800,780.0000,0.0000,5558.9600,59387.9800
01707_7_2023_SUMMERSFSPCEREIMBURSEMENTS,2022-2023,SUMMERSFSPCEREIMBURSEMENTS,01707,Intrinsic Foundation,Private Non Profit Organization,Private Nonprofit,10,2,,DALLAS,14,0,14,2023-07-01T00:00:00.000,7908,0,7783,0,0,20323.5600,0.0000,34867.8400,0.0000,0.0000,5674.5500,60865.9500
01707_8_2023_SUMMERSFSPCEREIMBURSEMENTS,2022-2023,SUMMERSFSPCEREIMBURSEMENTS,01707,Intrinsic Foundation,Private Non Profit Organization,Private Nonprofit,10,2,,DALLAS,2,0,2,2023-08-01T00:00:00.000,330,0,330,0,0,848.1000,0.0000,1478.4000,0.0000,0.0000,239.2500,2565.7500
01893_6_2023_SUMMERSFSPCEREIMBURSEMENTS,2022-2023,SUMMERSFSPCEREIMBURSEMENTS,01893,ARMED SERVICES YMCA CHILD DEVELOPMENT CENTER,Private Non Profit Organization,Private Nonprofit,19,1,071-,EL PASO,1,0,1,2023-06-01T00:00:00.000,1347,0,2155,0,0,3461.7900,0.0000,9654.4000,0.0000,0.0000,1356.3400,14472.5300
01893_7_2023_SUMMERSFSPCEREIMBURSEMENTS,2022-2023,SUMMERSFSPCEREIMBURSEMENTS,01893,ARMED SERVICES YMCA CHILD DEVELOPMENT CENTER,Private Non Profit Organization,Private Nonprofit,19,1,071-,EL PASO,1,0,1,2023-07-01T00:00:00.000,1891,0,3764,0,0,4859.8700,0.0000,16862.7200,0.0000,0.0000,2251.2900,23973.8800
01893_8_2023_SUMMERSFSPCEREIMBURSEMENTS,2022-2023,SUMMERSFSPCEREIMBURSEMENTS,01893,ARMED SERVICES YMCA CHILD DEVELOPMENT CENTER,Private Non Profit Organization,Private Nonprofit,19,1,071-,EL PASO,1,0,1,2023-08-01T00:00:00.000,360,0,799,0,0,925.2000,0.0000,3579.5200,0.0000,0.0000,467.3300,4972.0500
02225_6_2023_SUMMERSFSPCEREIMBURSEMENTS,2022-2023,SUMMERSFSPCEREIMBURSEMENTS,02225,D.M. Ministries Community Development Corporation,Private Non Profit Organization,Private Nonprofit,10,2,174-,NACOGDOCHES,12,0,12,2023-06-01T00:00:00.000,1944,0,7817,4184,0,4996.0800,0.0000,35020.1600,4351.3600,0.0000,4703.1700,49070.7700
02225_7_2023_SUMMERSFSPCEREIMBURSEMENTS,2022-2023,SUMMERSFSPCEREIMBURSEMENTS,02225,D.M. Ministries Community Development Corporation,Private Non Profit Organization,Private Nonprofit,10,2,174-,NACOGDOCHES,10,0,10,2023-07-01T00:00:00.000,176,0,4996,4700,0,452.3200,0.0000,22382.0800,4888.0000,0.0000,2992.2500,30714.6500
02237_5_2023_SUMMERSFSPCEREIMBURSEMENTS,2022-2023,SUMMERSFSPCEREIMBURSEMENTS,02237,DYESS AFB CDC DEVELOPMENT CENTER,Military Installation,Unit of Government,14,1,221-,TAYLOR,1,0,1,2023-05-01T00:00:00.000,70,0,140,0,0,179.9000,0.0000,627.2000,0.0000,0.0000,83.6500,890.7500
02237_6_2023_SUMMERSFSPCEREIMBURSEMENTS,2022-2023,SUMMERSFSPCEREIMBURSEMENTS,02237,DYESS AFB CDC DEVELOPMENT CENTER,Military Installation,Unit of Government,14,1,221-,TAYLOR,1,0,1,2023-06-01T00:00:00.000,949,0,1433,0,0,2438.9300,0.0000,6419.8400,0.0000,0.0000,915.5100,9774.2800
02237_7_2023_SUMMERSFSPCEREIMBURSEMENTS,2022-2023,SUMMERSFSPCEREIMBURSEMENTS,02237,DYESS AFB CDC DEVELOPMENT CENTER,Military Installation,Unit of Government,14,1,221-,TAYLOR,1,0,1,2023-07-01T00:00:00.000,830,0,1477,0,0,2133.1000,0.0000,6616.9600,0.0000,0.0000,905.8400,9655.9000
02237_8_2023_SUMMERSFSPCEREIMBURSEMENTS,2022-2023,SUMMERSFSPCEREIMBURSEMENTS,02237,DYESS AFB CDC DEVELOPMENT CENTER,Military Installation,Unit of Government,14,1,221-,TAYLOR,1,0,1,2023-08-01T00:00:00.000,509,0,844,0,0,1308.1300,0.0000,3781.1200,0.0000,0.0000,526.4800,5615.7300
02274_6_2023_SUMMERSFSPCEREIMBURSEMENTS,2022-2023,SUMMERSFSPCEREIMBURSEMENTS,02274,"EL PASO HUMAN SERVICES, INC.",Private Non Profit Organization,Private Nonprofit,19,1,071-,EL PASO,5,0,5,2023-06-01T00:00:00.000,0,0,0,2274,3533,0.0000,0.0000,0.0000,2364.9600,15827.8400,1950.4500,20143.2500
02274_7_2023_SUMMERSFSPCEREIMBURSEMENTS,2022-2023,SUMMERSFSPCEREIMBURSEMENTS,02274,"EL PASO HUMAN SERVICES, INC.",Private Non Profit Organization,Private Nonprofit,19,1,071-,EL PASO,5,0,5,2023-07-01T00:00:00.000,0,0,0,2704,4913,0.0000,0.0000,0.0000,2812.1600,22010.2400,2653.8700,27476.2700
02274_8_2023_SUMMERSFSPCEREIMBURSEMENTS,2022-2023,SUMMERSFSPCEREIMBURSEMENTS,02274,"EL PASO HUMAN SERVICES, INC.",Private Non Profit Organization,Private Nonprofit,19,1,071-,EL PASO,2,0,2,2023-08-01T00:00:00.000,0,0,0,68,397,0.0000,0.0000,0.0000,70.7200,1778.5600,195.2600,2044.5400
03152_6_2023_SUMMERSFSPCEREIMBURSEMENTS,2022-2023,SUMMERSFSPCEREIMBURSEMENTS,03152,"ROLLING PLAINS MANAGEMENT CORPORATION OF BAYLOR, COTTLE, FOARD,",Private Non Profit Organization,Private Nonprofit,9,2,078-,FOARD,1,0,1,2023-06-01T00:00:00.000,0,0,963,0,0,0.0000,0.0000,4314.2400,0.0000,0.0000,452.6100,4766.8500
03152_7_2023_SUMMERSFSPCEREIMBURSEMENTS,2022-2023,SUMMERSFSPCEREIMBURSEMENTS,03152,"ROLLING PLAINS MANAGEMENT CORPORATION OF BAYLOR, COTTLE, FOARD,",Private Non Profit Organization,Private Nonprofit,9,2,078-,FOARD,1,0,1,2023-07-01T00:00:00.000,0,0,840,0,0,0.0000,0.0000,3763.2000,0.0000,0.0000,394.8000,4158.0000
03535_5_2023_SUMMERSFSPCEREIMBURSEMENTS,2022-2023,SUMMERSFSPCEREIMBURSEMENTS,03535,Young Men's Christian Association of Metropolitan Fort Worth,Private Non Profit Organization,Private Nonprofit,11,2,220-,TARRANT,3,0,3,2023-05-01T00:00:00.000,0,0,260,260,0,0.0000,0.0000,1164.8000,270.4000,0.0000,155.3500,1590.5500
05451_5_2023_SUMMERSFSPCEREIMBURSEMENTS,2022-2023,SUMMERSFSPCEREIMBURSEMENTS,05451,"Boys Club of Pharr, Inc.",Private Non Profit Organization,Private Nonprofit,1,5,108-,HIDALGO,2,0,2,2023-05-01T00:00:00.000,193,0,291,0,0,496.0100,0.0000,1303.6800,0.0000,0.0000,185.9900,1985.6800
03535_6_2023_SUMMERSFSPCEREIMBURSEMENTS,2022-2023,SUMMERSFSPCEREIMBURSEMENTS,03535,Young Men's Christian Association of Metropolitan Fort Worth,Private Non Profit Organization,Private Nonprofit,11,2,220-,TARRANT,8,0,8,2023-06-01T00:00:00.000,0,0,5845,5800,0,0.0000,0.0000,26185.6000,6032.0000,0.0000,3486.6500,35704.2500
03535_7_2023_SUMMERSFSPCEREIMBURSEMENTS,2022-2023,SUMMERSFSPCEREIMBURSEMENTS,03535,Young Men's Christian Association of Metropolitan Fort Worth,Private Non Profit Organization,Private Nonprofit,11,2,220-,TARRANT,8,0,8,2023-07-01T00:00:00.000,0,0,6600,5800,0,0.0000,0.0000,29568.0000,6032.0000,0.0000,3841.5000,39441.5000
03535_8_2023_SUMMERSFSPCEREIMBURSEMENTS,2022-2023,SUMMERSFSPCEREIMBURSEMENTS,03535,Young Men's Christian Association of Metropolitan Fort Worth,Private Non Profit Organization,Private Nonprofit,11,2,220-,TARRANT,8,0,8,2023-08-01T00:00:00.000,0,0,1890,1490,0,0.0000,0.0000,8467.2000,1549.6000,0.0000,1078.2800,11095.0800
03554_5_2023_SUMMERSFSPCEREIMBURSEMENTS,2022-2023,SUMMERSFSPCEREIMBURSEMENTS,03554,"YOUNG WOMENS CHRISTIAN ASSOCIATION OF LUBBOCK, TEX",Private Non Profit Organization,Private Nonprofit,17,1,152-,LUBBOCK,2,0,2,2023-05-01T00:00:00.000,0,0,468,460,0,0.0000,0.0000,2096.6400,478.4000,0.0000,278.6100,2853.6500
03554_6_2023_SUMMERSFSPCEREIMBURSEMENTS,2022-2023,SUMMERSFSPCEREIMBURSEMENTS,03554,"YOUNG WOMENS CHRISTIAN ASSOCIATION OF LUBBOCK, TEX",Private Non Profit Organization,Private Nonprofit,17,1,152-,LUBBOCK,2,0,2,2023-06-01T00:00:00.000,0,0,6777,6321,0,0.0000,0.0000,30360.9600,6573.8400,0.0000,3991.1200,40925.9200
03554_7_2023_SUMMERSFSPCEREIMBURSEMENTS,2022-2023,SUMMERSFSPCEREIMBURSEMENTS,03554,"YOUNG WOMENS CHRISTIAN ASSOCIATION OF LUBBOCK, TEX",Private Non Profit Organization,Private Nonprofit,17,1,152-,LUBBOCK,2,0,2,2023-07-01T00:00:00.000,0,0,6595,6539,0,0.0000,0.0000,29545.6000,6800.5600,0.0000,3933.3700,40279.5300
03554_8_2023_SUMMERSFSPCEREIMBURSEMENTS,2022-2023,SUMMERSFSPCEREIMBURSEMENTS,03554,"YOUNG WOMENS CHRISTIAN ASSOCIATION OF LUBBOCK, TEX",Private Non Profit Organization,Private Nonprofit,17,1,152-,LUBBOCK,2,0,2,2023-08-01T00:00:00.000,0,0,1256,1258,0,0.0000,0.0000,5626.8800,1308.3200,0.0000,750.7200,7685.9200
03627_5_2023_SUMMERSFSPCEREIMBURSEMENTS,2022-2023,SUMMERSFSPCEREIMBURSEMENTS,03627,Food and Nutrition Solutions Inc.,Private Non Profit Organization,Private Nonprofit,7,3,003-,ANGELINA,3,0,3,2023-05-01T00:00:00.000,503,0,572,0,0,1292.7100,0.0000,2562.5600,0.0000,0.0000,397.1100,4252.3800
03627_6_2023_SUMMERSFSPCEREIMBURSEMENTS,2022-2023,SUMMERSFSPCEREIMBURSEMENTS,03627,Food and Nutrition Solutions Inc.,Private Non Profit Organization,Private Nonprofit,7,3,003-,ANGELINA,7,0,7,2023-06-01T00:00:00.000,7714,0,10661,561,0,19824.9800,0.0000,47761.2800,583.4400,0.0000,7049.2700,75218.9700
03627_7_2023_SUMMERSFSPCEREIMBURSEMENTS,2022-2023,SUMMERSFSPCEREIMBURSEMENTS,03627,Food and Nutrition Solutions Inc.,Private Non Profit Organization,Private Nonprofit,7,3,003-,ANGELINA,6,0,6,2023-07-01T00:00:00.000,4674,0,6742,491,0,12012.1800,0.0000,30204.1600,510.6400,0.0000,4423.2100,47150.1900
03627_8_2023_SUMMERSFSPCEREIMBURSEMENTS,2022-2023,SUMMERSFSPCEREIMBURSEMENTS,03627,Food and Nutrition Solutions Inc.,Private Non Profit Organization,Private Nonprofit,7,3,003-,ANGELINA,1,0,1,2023-08-01T00:00:00.000,211,0,248,0,0,542.2700,0.0000,1111.0400,0.0000,0.0000,170.3700,1823.6800
03689_5_2023_SUMMERSFSPCEREIMBURSEMENTS,2022-2023,SUMMERSFSPCEREIMBURSEMENTS,03689,"S.Tracy Howard Project, Inc.",Private Non Profit Organization,Private Nonprofit,11,2,,DENTON,11,0,11,2023-05-01T00:00:00.000,1088,0,1067,0,0,2796.1600,0.0000,4780.1600,0.0000,0.0000,778.9300,8355.2500
03689_6_2023_SUMMERSFSPCEREIMBURSEMENTS,2022-2023,SUMMERSFSPCEREIMBURSEMENTS,03689,"S.Tracy Howard Project, Inc.",Private Non Profit Organization,Private Nonprofit,11,2,,DENTON,32,0,32,2023-06-01T00:00:00.000,25843,0,27846,0,0,66416.5100,0.0000,124750.0800,0.0000,0.0000,19677.5900,210844.1800
03689_7_2023_SUMMERSFSPCEREIMBURSEMENTS,2022-2023,SUMMERSFSPCEREIMBURSEMENTS,03689,"S.Tracy Howard Project, Inc.",Private Non Profit Organization,Private Nonprofit,11,2,,DENTON,29,0,29,2023-07-01T00:00:00.000,24483,0,26158,0,0,62921.3100,0.0000,117187.8400,0.0000,0.0000,18537.4300,198646.5800
03689_8_2023_SUMMERSFSPCEREIMBURSEMENTS,2022-2023,SUMMERSFSPCEREIMBURSEMENTS,03689,"S.Tracy Howard Project, Inc.",Private Non Profit Organization,Private Nonprofit,11,2,,DENTON,19,0,19,2023-08-01T00:00:00.000,3307,0,3506,0,0,8498.9900,0.0000,15706.8800,0.0000,0.0000,2491.1100,26696.9800
03949_5_2023_SUMMERSFSPCEREIMBURSEMENTS,2022-2023,SUMMERSFSPCEREIMBURSEMENTS,03949,"TRIANGLE COMMUNITY OUTREACH, INC.",Private Non Profit Organization,Private Nonprofit,5,3,,JEFFERSON,5,0,5,2023-05-01T00:00:00.000,342,0,269,0,0,878.9400,0.0000,1205.1200,0.0000,0.0000,213.6400,2297.7000
03949_6_2023_SUMMERSFSPCEREIMBURSEMENTS,2022-2023,SUMMERSFSPCEREIMBURSEMENTS,03949,"TRIANGLE COMMUNITY OUTREACH, INC.",Private Non Profit Organization,Private Nonprofit,5,3,,JEFFERSON,45,0,45,2023-06-01T00:00:00.000,12200,0,13657,93,0,31354.0000,0.0000,61183.3600,96.7200,0.0000,9541.6500,102175.7300
03949_7_2023_SUMMERSFSPCEREIMBURSEMENTS,2022-2023,SUMMERSFSPCEREIMBURSEMENTS,03949,"TRIANGLE COMMUNITY OUTREACH, INC.",Private Non Profit Organization,Private Nonprofit,5,3,,JEFFERSON,43,0,43,2023-07-01T00:00:00.000,15178,0,17641,77,0,39007.4600,0.0000,79031.6800,80.0800,0.0000,12171.4800,130290.7000
03949_8_2023_SUMMERSFSPCEREIMBURSEMENTS,2022-2023,SUMMERSFSPCEREIMBURSEMENTS,03949,"TRIANGLE COMMUNITY OUTREACH, INC.",Private Non Profit Organization,Private Nonprofit,5,3,,JEFFERSON,16,0,16,2023-08-01T00:00:00.000,3546,0,3970,0,0,9113.2200,0.0000,17785.6000,0.0000,0.0000,2770.1300,29668.9500
03974_5_2023_SUMMERSFSPCEREIMBURSEMENTS,2022-2023,SUMMERSFSPCEREIMBURSEMENTS,03974,P.L.A.Y.S. (Positive Leadership Advances Youth Self Development),Private Non Profit Organization,Private Nonprofit,10,2,,DALLAS,3,0,3,2023-05-01T00:00:00.000,200,0,200,0,0,514.0000,0.0000,896.0000,0.0000,0.0000,145.0000,1555.0000
03974_6_2023_SUMMERSFSPCEREIMBURSEMENTS,2022-2023,SUMMERSFSPCEREIMBURSEMENTS,03974,P.L.A.Y.S. (Positive Leadership Advances Youth Self Development),Private Non Profit Organization,Private Nonprofit,10,2,,DALLAS,6,0,6,2023-06-01T00:00:00.000,3516,0,4175,1562,0,9036.1200,0.0000,18704.0000,1624.4800,0.0000,3057.9900,32422.5900
03974_7_2023_SUMMERSFSPCEREIMBURSEMENTS,2022-2023,SUMMERSFSPCEREIMBURSEMENTS,03974,P.L.A.Y.S. (Positive Leadership Advances Youth Self Development),Private Non Profit Organization,Private Nonprofit,10,2,,DALLAS,6,0,6,2023-07-01T00:00:00.000,3536,0,4314,900,0,9087.5200,0.0000,19326.7200,936.0000,0.0000,3044.0100,32394.2500
03974_8_2023_SUMMERSFSPCEREIMBURSEMENTS,2022-2023,SUMMERSFSPCEREIMBURSEMENTS,03974,P.L.A.Y.S. (Positive Leadership Advances Youth Self Development),Private Non Profit Organization,Private Nonprofit,10,2,,DALLAS,5,0,5,2023-08-01T00:00:00.000,951,0,1178,129,0,2444.0700,0.0000,5277.4400,134.1600,0.0000,812.6200,8668.2900
04007_7_2023_SUMMERSFSPCEREIMBURSEMENTS,2022-2023,SUMMERSFSPCEREIMBURSEMENTS,04007,SOUTH TEXAS FOOD BANK,Private Non Profit Organization,Private Nonprofit,1,5,240-,WEBB,14,0,14,2023-07-01T00:00:00.000,0,0,10602,10602,0,0.0000,0.0000,47496.9600,11026.0800,0.0000,6334.7000,64857.7400
04080_6_2023_SUMMERSFSPCEREIMBURSEMENTS,2022-2023,SUMMERSFSPCEREIMBURSEMENTS,04080,"Village Hands and Hearts, Inc.",Private Non Profit Organization,Private Nonprofit,10,2,,DALLAS,10,0,10,2023-06-01T00:00:00.000,8312,0,13203,0,0,21361.8400,0.0000,59149.4400,0.0000,0.0000,8324.9700,88836.2500
04080_7_2023_SUMMERSFSPCEREIMBURSEMENTS,2022-2023,SUMMERSFSPCEREIMBURSEMENTS,04080,"Village Hands and Hearts, Inc.",Private Non Profit Organization,Private Nonprofit,10,2,,DALLAS,10,0,10,2023-07-01T00:00:00.000,5633,0,7717,0,0,14476.8100,0.0000,34572.1600,0.0000,0.0000,5063.4100,54112.3800
04080_8_2023_SUMMERSFSPCEREIMBURSEMENTS,2022-2023,SUMMERSFSPCEREIMBURSEMENTS,04080,"Village Hands and Hearts, Inc.",Private Non Profit Organization,Private Nonprofit,10,2,,DALLAS,5,0,5,2023-08-01T00:00:00.000,1390,0,1370,0,0,3572.3000,0.0000,6137.6000,0.0000,0.0000,998.3500,10708.2500
04119_6_2023_SUMMERSFSPCEREIMBURSEMENTS,2022-2023,SUMMERSFSPCEREIMBURSEMENTS,04119,J.E.W.E.L. Foundation,Private Non Profit Organization,Private Nonprofit,10,2,,DALLAS,15,0,15,2023-06-01T00:00:00.000,695,0,9067,210,1008,1786.1500,0.0000,40620.1600,218.4000,4515.8400,4939.2600,52079.8100
04119_7_2023_SUMMERSFSPCEREIMBURSEMENTS,2022-2023,SUMMERSFSPCEREIMBURSEMENTS,04119,J.E.W.E.L. Foundation,Private Non Profit Organization,Private Nonprofit,10,2,,DALLAS,14,0,14,2023-07-01T00:00:00.000,1075,0,8831,475,912,2762.7500,0.0000,39562.8800,494.0000,4085.7600,4913.9000,51819.2900
04119_8_2023_SUMMERSFSPCEREIMBURSEMENTS,2022-2023,SUMMERSFSPCEREIMBURSEMENTS,04119,J.E.W.E.L. Foundation,Private Non Profit Organization,Private Nonprofit,10,2,,DALLAS,13,0,13,2023-08-01T00:00:00.000,0,0,3524,315,414,0.0000,0.0000,15787.5200,327.6000,1854.7200,1891.0200,19860.8600
04323_6_2023_SUMMERSFSPCEREIMBURSEMENTS,2022-2023,SUMMERSFSPCEREIMBURSEMENTS,04323,Kids Cove Community Outreach,Private Non Profit Organization,Private Nonprofit,10,2,,DALLAS,18,0,18,2023-06-01T00:00:00.000,7914,0,12811,0,0,20338.9800,0.0000,57393.2800,0.0000,0.0000,8039.2400,85771.5000
04323_7_2023_SUMMERSFSPCEREIMBURSEMENTS,2022-2023,SUMMERSFSPCEREIMBURSEMENTS,04323,Kids Cove Community Outreach,Private Non Profit Organization,Private Nonprofit,10,2,,DALLAS,19,0,19,2023-07-01T00:00:00.000,13781,0,17573,0,0,35417.1700,0.0000,78727.0400,0.0000,0.0000,11773.4700,125917.6800
04323_8_2023_SUMMERSFSPCEREIMBURSEMENTS,2022-2023,SUMMERSFSPCEREIMBURSEMENTS,04323,Kids Cove Community Outreach,Private Non Profit Organization,Private Nonprofit,10,2,,DALLAS,19,0,19,2023-08-01T00:00:00.000,3912,0,5171,0,0,10053.8400,0.0000,23166.0800,0.0000,0.0000,3427.9300,36647.8500
04405_6_2023_SUMMERSFSPCEREIMBURSEMENTS,2022-2023,SUMMERSFSPCEREIMBURSEMENTS,04405,Nutrition Transitions,Private Non Profit Organization,Private Nonprofit,4,3,,DALLAS,22,0,22,2023-06-01T00:00:00.000,7059,0,12014,17362,13562,18141.6300,0.0000,53822.7200,18056.4800,60757.7600,16034.4300,166813.0200
04405_7_2023_SUMMERSFSPCEREIMBURSEMENTS,2022-2023,SUMMERSFSPCEREIMBURSEMENTS,04405,Nutrition Transitions,Private Non Profit Organization,Private Nonprofit,4,3,,DALLAS,22,0,22,2023-07-01T00:00:00.000,6997,0,9668,16517,14436,17982.2900,0.0000,43312.6400,17177.6800,64673.2800,15219.0400,158364.9300
04405_8_2023_SUMMERSFSPCEREIMBURSEMENTS,2022-2023,SUMMERSFSPCEREIMBURSEMENTS,04405,Nutrition Transitions,Private Non Profit Organization,Private Nonprofit,4,3,,DALLAS,22,0,22,2023-08-01T00:00:00.000,2939,0,4126,8575,7588,7553.2300,0.0000,18484.4800,8918.0000,33994.2400,7348.3400,76298.2900
04463_6_2023_SUMMERSFSPCEREIMBURSEMENTS,2022-2023,SUMMERSFSPCEREIMBURSEMENTS,04463,THE FIRST BAPTIST CHURCH OF KAUFMAN,Private Non Profit Organization,Private Nonprofit,10,2,,KAUFMAN,1,0,1,2023-06-01T00:00:00.000,1343,0,1784,0,0,3451.5100,0.0000,7992.3200,0.0000,0.0000,1180.9500,12624.7800
04463_7_2023_SUMMERSFSPCEREIMBURSEMENTS,2022-2023,SUMMERSFSPCEREIMBURSEMENTS,04463,THE FIRST BAPTIST CHURCH OF KAUFMAN,Private Non Profit Organization,Private Nonprofit,10,2,,KAUFMAN,1,0,1,2023-07-01T00:00:00.000,1104,0,1489,0,0,2837.2800,0.0000,6670.7200,0.0000,0.0000,981.3500,10489.3500
04463_8_2023_SUMMERSFSPCEREIMBURSEMENTS,2022-2023,SUMMERSFSPCEREIMBURSEMENTS,04463,THE FIRST BAPTIST CHURCH OF KAUFMAN,Private Non Profit Organization,Private Nonprofit,10,2,,KAUFMAN,1,0,1,2023-08-01T00:00:00.000,533,0,698,0,0,1369.8100,0.0000,3127.0400,0.0000,0.0000,463.9800,4960.8300
04493_6_2023_SUMMERSFSPCEREIMBURSEMENTS,2022-2023,SUMMERSFSPCEREIMBURSEMENTS,04493,THE JOSH HOWARD FOUNDATION,Private Non Profit Organization,Private Nonprofit,10,2,,DALLAS,10,0,10,2023-06-01T00:00:00.000,2040,4225,7207,0,0,5242.8000,4394.0000,32287.3600,0.0000,0.0000,4446.1800,46370.3400
04493_7_2023_SUMMERSFSPCEREIMBURSEMENTS,2022-2023,SUMMERSFSPCEREIMBURSEMENTS,04493,THE JOSH HOWARD FOUNDATION,Private Non Profit Organization,Private Nonprofit,10,2,,DALLAS,17,0,17,2023-07-01T00:00:00.000,2033,4297,13573,4644,0,5224.8100,4468.8800,60807.0400,4829.7600,0.0000,8037.7100,83368.2000
04493_8_2023_SUMMERSFSPCEREIMBURSEMENTS,2022-2023,SUMMERSFSPCEREIMBURSEMENTS,04493,THE JOSH HOWARD FOUNDATION,Private Non Profit Organization,Private Nonprofit,10,2,,DALLAS,16,0,16,2023-08-01T00:00:00.000,714,1562,5936,3172,0,1834.9800,1624.4800,26593.2800,3298.8800,0.0000,3575.5800,36927.2000
04660_5_2023_SUMMERSFSPCEREIMBURSEMENTS,2022-2023,SUMMERSFSPCEREIMBURSEMENTS,04660,NORA'S WOMEN OF PURPOSE,Private Non Profit Organization,Private Nonprofit,10,2,,DALLAS,25,0,25,2023-05-01T00:00:00.000,1636,0,1833,0,0,4204.5200,0.0000,8211.8400,0.0000,0.0000,1278.6900,13695.0500
04660_6_2023_SUMMERSFSPCEREIMBURSEMENTS,2022-2023,SUMMERSFSPCEREIMBURSEMENTS,04660,NORA'S WOMEN OF PURPOSE,Private Non Profit Organization,Private Nonprofit,10,2,,DALLAS,27,0,27,2023-06-01T00:00:00.000,17178,0,18337,0,0,44147.4600,0.0000,82149.7600,0.0000,0.0000,12998.7800,139296.0000
04660_7_2023_SUMMERSFSPCEREIMBURSEMENTS,2022-2023,SUMMERSFSPCEREIMBURSEMENTS,04660,NORA'S WOMEN OF PURPOSE,Private Non Profit Organization,Private Nonprofit,10,2,,DALLAS,27,0,27,2023-07-01T00:00:00.000,19306,0,20284,0,0,49616.4200,0.0000,90872.3200,0.0000,0.0000,14456.5100,154945.2500
04660_8_2023_SUMMERSFSPCEREIMBURSEMENTS,2022-2023,SUMMERSFSPCEREIMBURSEMENTS,04660,NORA'S WOMEN OF PURPOSE,Private Non Profit Organization,Private Nonprofit,10,2,,DALLAS,27,0,27,2023-08-01T00:00:00.000,7482,0,7916,0,0,19228.7400,0.0000,35463.6800,0.0000,0.0000,5628.4300,60320.8500
04838_5_2023_SUMMERSFSPCEREIMBURSEMENTS,2022-2023,SUMMERSFSPCEREIMBURSEMENTS,04838,BOYS AND GIRLS CLUB OF ZAPATA COUNTY,Private Non Profit Organization,Private Nonprofit,1,5,,ZAPATA,2,0,2,2023-05-01T00:00:00.000,0,0,135,86,0,0.0000,0.0000,604.8000,89.4400,0.0000,74.4200,768.6600
04838_6_2023_SUMMERSFSPCEREIMBURSEMENTS,2022-2023,SUMMERSFSPCEREIMBURSEMENTS,04838,BOYS AND GIRLS CLUB OF ZAPATA COUNTY,Private Non Profit Organization,Private Nonprofit,1,5,,ZAPATA,2,0,2,2023-06-01T00:00:00.000,0,0,1425,919,0,0.0000,0.0000,6384.0000,955.7600,0.0000,786.9200,8126.6800
04838_7_2023_SUMMERSFSPCEREIMBURSEMENTS,2022-2023,SUMMERSFSPCEREIMBURSEMENTS,04838,BOYS AND GIRLS CLUB OF ZAPATA COUNTY,Private Non Profit Organization,Private Nonprofit,1,5,,ZAPATA,2,0,2,2023-07-01T00:00:00.000,0,0,617,698,0,0.0000,0.0000,2764.1600,725.9200,0.0000,378.9900,3869.0700
04873_6_2023_SUMMERSFSPCEREIMBURSEMENTS,2022-2023,SUMMERSFSPCEREIMBURSEMENTS,04873,"CUSTER ROAD UNITED METHODIST CHURCH, INC",Private Non Profit Organization,Private Nonprofit,10,2,,COLLIN,1,0,1,2023-06-01T00:00:00.000,0,0,1874,0,0,0.0000,0.0000,8395.5200,0.0000,0.0000,730.8600,9126.3800
04873_7_2023_SUMMERSFSPCEREIMBURSEMENTS,2022-2023,SUMMERSFSPCEREIMBURSEMENTS,04873,"CUSTER ROAD UNITED METHODIST CHURCH, INC",Private Non Profit Organization,Private Nonprofit,10,2,,COLLIN,1,0,1,2023-07-01T00:00:00.000,0,0,1374,0,0,0.0000,0.0000,6155.5200,0.0000,0.0000,535.8600,6691.3800
04873_8_2023_SUMMERSFSPCEREIMBURSEMENTS,2022-2023,SUMMERSFSPCEREIMBURSEMENTS,04873,"CUSTER ROAD UNITED METHODIST CHURCH, INC",Private Non Profit Organization,Private Nonprofit,10,2,,COLLIN,1,0,1,2023-08-01T00:00:00.000,0,0,236,0,0,0.0000,0.0000,1057.2800,0.0000,0.0000,92.0400,1149.3200
05006_6_2023_SUMMERSFSPCEREIMBURSEMENTS,2022-2023,SUMMERSFSPCEREIMBURSEMENTS,05006,BRIGHT NUTRITION,Private Non Profit Organization,Private Nonprofit,1,5,,CAMERON,49,0,49,2023-06-01T00:00:00.000,13748,0,18059,0,0,35332.3600,0.0000,80904.3200,0.0000,0.0000,10233.1600,126469.8400
05006_7_2023_SUMMERSFSPCEREIMBURSEMENTS,2022-2023,SUMMERSFSPCEREIMBURSEMENTS,05006,BRIGHT NUTRITION,Private Non Profit Organization,Private Nonprofit,1,5,,CAMERON,33,0,33,2023-07-01T00:00:00.000,35270,0,36906,0,0,90643.9000,0.0000,165338.8800,0.0000,0.0000,23649.8200,279632.6000
05006_8_2023_SUMMERSFSPCEREIMBURSEMENTS,2022-2023,SUMMERSFSPCEREIMBURSEMENTS,05006,BRIGHT NUTRITION,Private Non Profit Organization,Private Nonprofit,1,5,,CAMERON,30,0,30,2023-08-01T00:00:00.000,16594,0,16877,0,0,42646.5800,0.0000,75608.9600,0.0000,0.0000,11188.3500,129443.8900
05143_6_2023_SUMMERSFSPCEREIMBURSEMENTS,2022-2023,SUMMERSFSPCEREIMBURSEMENTS,05143,SOMEONE WHO CARES MINISTRIES,Private Non Profit Organization,Private Nonprofit,10,2,,DALLAS,6,0,6,2023-06-01T00:00:00.000,5710,0,6802,0,0,14674.7000,0.0000,30472.9600,0.0000,0.0000,4652.9900,49800.6500
05143_7_2023_SUMMERSFSPCEREIMBURSEMENTS,2022-2023,SUMMERSFSPCEREIMBURSEMENTS,05143,SOMEONE WHO CARES MINISTRIES,Private Non Profit Organization,Private Nonprofit,10,2,,DALLAS,6,0,6,2023-07-01T00:00:00.000,3119,0,4268,0,0,8015.8300,0.0000,19120.6400,0.0000,0.0000,2801.3100,29937.7800
05143_8_2023_SUMMERSFSPCEREIMBURSEMENTS,2022-2023,SUMMERSFSPCEREIMBURSEMENTS,05143,SOMEONE WHO CARES MINISTRIES,Private Non Profit Organization,Private Nonprofit,10,2,,DALLAS,4,0,4,2023-08-01T00:00:00.000,798,0,1118,0,0,2050.8600,0.0000,5008.6400,0.0000,0.0000,728.9500,7788.4500
05241_6_2023_SUMMERSFSPCEREIMBURSEMENTS,2022-2023,SUMMERSFSPCEREIMBURSEMENTS,05241,"THE FIRST PRESBYTERIAN CHURCH OF COLORADO CITY, TEXAS",Private Non Profit Organization,Private Nonprofit,14,1,,MITCHELL,1,0,1,2023-06-01T00:00:00.000,0,0,761,0,0,0.0000,0.0000,3409.2800,0.0000,0.0000,357.6700,3766.9500
05253_6_2023_SUMMERSFSPCEREIMBURSEMENTS,2022-2023,SUMMERSFSPCEREIMBURSEMENTS,05253,THE GRANDBERRY INTERVENTION FOUNDATION,Private Non Profit Organization,Private Nonprofit,11,2,,TARRANT,4,0,4,2023-06-01T00:00:00.000,0,0,166,0,0,0.0000,0.0000,743.6800,0.0000,0.0000,78.0200,821.7000
05253_7_2023_SUMMERSFSPCEREIMBURSEMENTS,2022-2023,SUMMERSFSPCEREIMBURSEMENTS,05253,THE GRANDBERRY INTERVENTION FOUNDATION,Private Non Profit Organization,Private Nonprofit,11,2,,TARRANT,4,0,4,2023-07-01T00:00:00.000,0,0,993,0,0,0.0000,0.0000,4448.6400,0.0000,0.0000,466.7100,4915.3500
05255_5_2023_SUMMERSFSPCEREIMBURSEMENTS,2022-2023,SUMMERSFSPCEREIMBURSEMENTS,05255,"FOOD ALWAYS, INC.",Private Non Profit Organization,Private Nonprofit,4,3,,HARRIS,5,0,5,2023-05-01T00:00:00.000,1145,0,1150,0,0,2942.6500,0.0000,5152.0000,0.0000,0.0000,832.4800,8927.1300
05255_6_2023_SUMMERSFSPCEREIMBURSEMENTS,2022-2023,SUMMERSFSPCEREIMBURSEMENTS,05255,"FOOD ALWAYS, INC.",Private Non Profit Organization,Private Nonprofit,4,3,,HARRIS,6,0,6,2023-06-01T00:00:00.000,6036,0,6069,0,0,15512.5200,0.0000,27189.1200,0.0000,0.0000,4391.6100,47093.2500
05255_7_2023_SUMMERSFSPCEREIMBURSEMENTS,2022-2023,SUMMERSFSPCEREIMBURSEMENTS,05255,"FOOD ALWAYS, INC.",Private Non Profit Organization,Private Nonprofit,4,3,,HARRIS,6,0,6,2023-07-01T00:00:00.000,5176,0,5452,0,0,13302.3200,0.0000,24424.9600,0.0000,0.0000,3882.3200,41609.6000
05255_8_2023_SUMMERSFSPCEREIMBURSEMENTS,2022-2023,SUMMERSFSPCEREIMBURSEMENTS,05255,"FOOD ALWAYS, INC.",Private Non Profit Organization,Private Nonprofit,4,3,,HARRIS,6,0,6,2023-08-01T00:00:00.000,2519,0,2844,0,0,6473.8300,0.0000,12741.1200,0.0000,0.0000,1979.0300,21193.9800
05259_6_2023_SUMMERSFSPCEREIMBURSEMENTS,2022-2023,SUMMERSFSPCEREIMBURSEMENTS,05259,K12 ENRICHMENT ACADEMY,Private Non Profit Organization,Private Nonprofit,10,2,,DALLAS,3,0,3,2023-06-01T00:00:00.000,3193,0,3784,0,0,8206.0100,0.0000,16952.3200,0.0000,0.0000,2122.3400,27280.6700
05259_7_2023_SUMMERSFSPCEREIMBURSEMENTS,2022-2023,SUMMERSFSPCEREIMBURSEMENTS,05259,K12 ENRICHMENT ACADEMY,Private Non Profit Organization,Private Nonprofit,10,2,,DALLAS,5,0,5,2023-07-01T00:00:00.000,4345,0,5043,0,0,11166.6500,0.0000,22592.6400,0.0000,0.0000,2846.6300,36605.9200
05259_8_2023_SUMMERSFSPCEREIMBURSEMENTS,2022-2023,SUMMERSFSPCEREIMBURSEMENTS,05259,K12 ENRICHMENT ACADEMY,Private Non Profit Organization,Private Nonprofit,10,2,,DALLAS,5,0,5,2023-08-01T00:00:00.000,941,0,1081,0,0,2418.3700,0.0000,4842.8800,0.0000,0.0000,612.1400,7873.3900
05327_6_2023_SUMMERSFSPCEREIMBURSEMENTS,2022-2023,SUMMERSFSPCEREIMBURSEMENTS,05327,PRESERVATION OF LIFE INC.,Private Non Profit Organization,Private Nonprofit,4,3,,HARRIS,15,0,15,2023-06-01T00:00:00.000,10269,0,11655,0,0,26391.3300,0.0000,52214.4000,0.0000,0.0000,8096.4500,86702.1800
05327_7_2023_SUMMERSFSPCEREIMBURSEMENTS,2022-2023,SUMMERSFSPCEREIMBURSEMENTS,05327,PRESERVATION OF LIFE INC.,Private Non Profit Organization,Private Nonprofit,4,3,,HARRIS,17,0,17,2023-07-01T00:00:00.000,10006,0,11486,0,0,25715.4200,0.0000,51457.2800,0.0000,0.0000,7949.9500,85122.6500
05327_8_2023_SUMMERSFSPCEREIMBURSEMENTS,2022-2023,SUMMERSFSPCEREIMBURSEMENTS,05327,PRESERVATION OF LIFE INC.,Private Non Profit Organization,Private Nonprofit,4,3,,HARRIS,16,0,16,2023-08-01T00:00:00.000,7536,0,8362,0,0,19367.5200,0.0000,37461.7600,0.0000,0.0000,5851.8200,62681.1000
05451_6_2023_SUMMERSFSPCEREIMBURSEMENTS,2022-2023,SUMMERSFSPCEREIMBURSEMENTS,05451,"Boys Club of Pharr, Inc.",Private Non Profit Organization,Private Nonprofit,1,5,108-,HIDALGO,4,0,4,2023-06-01T00:00:00.000,7859,0,11106,0,0,20197.6300,0.0000,49754.8800,0.0000,0.0000,7223.8700,77176.3800
05451_7_2023_SUMMERSFSPCEREIMBURSEMENTS,2022-2023,SUMMERSFSPCEREIMBURSEMENTS,05451,"Boys Club of Pharr, Inc.",Private Non Profit Organization,Private Nonprofit,1,5,108-,HIDALGO,4,0,4,2023-07-01T00:00:00.000,7152,0,9647,0,0,18380.6400,0.0000,43218.5600,0.0000,0.0000,6357.8500,67957.0500
05451_8_2023_SUMMERSFSPCEREIMBURSEMENTS,2022-2023,SUMMERSFSPCEREIMBURSEMENTS,05451,"Boys Club of Pharr, Inc.",Private Non Profit Organization,Private Nonprofit,1,5,108-,HIDALGO,4,0,4,2023-08-01T00:00:00.000,4072,0,6212,0,0,10465.0400,0.0000,27829.7600,0.0000,0.0000,3958.0000,42252.8000
05591_5_2023_SUMMERSFSPCEREIMBURSEMENTS,2022-2023,SUMMERSFSPCEREIMBURSEMENTS,05591,Full Filled Project Inc,Private Non Profit Organization,Private Nonprofit,10,2,,COLLIN,7,0,7,2023-05-01T00:00:00.000,1705,0,1741,0,0,4381.8500,0.0000,7799.6800,0.0000,0.0000,1253.0500,13434.5800
05591_6_2023_SUMMERSFSPCEREIMBURSEMENTS,2022-2023,SUMMERSFSPCEREIMBURSEMENTS,05591,Full Filled Project Inc,Private Non Profit Organization,Private Nonprofit,10,2,,COLLIN,64,0,64,2023-06-01T00:00:00.000,25468,0,38965,13029,0,65452.7600,0.0000,174563.2000,13550.1600,0.0000,26469.0900,280035.2100
05591_7_2023_SUMMERSFSPCEREIMBURSEMENTS,2022-2023,SUMMERSFSPCEREIMBURSEMENTS,05591,Full Filled Project Inc,Private Non Profit Organization,Private Nonprofit,10,2,,COLLIN,59,0,59,2023-07-01T00:00:00.000,20479,0,44512,23579,0,52631.0300,0.0000,199413.7600,24522.1600,0.0000,29149.1100,305716.0600
05591_8_2023_SUMMERSFSPCEREIMBURSEMENTS,2022-2023,SUMMERSFSPCEREIMBURSEMENTS,05591,Full Filled Project Inc,Private Non Profit Organization,Private Nonprofit,10,2,,COLLIN,44,0,44,2023-08-01T00:00:00.000,3444,0,7643,4817,0,8851.0800,0.0000,34240.6400,5009.6800,0.0000,5084.6000,53186.0000
05656_6_2023_SUMMERSFSPCEREIMBURSEMENTS,2022-2023,SUMMERSFSPCEREIMBURSEMENTS,05656,"Kidz Grub, Inc.",Private Non Profit Organization,Private Nonprofit,4,3,,HARRIS,14,0,14,2023-06-01T00:00:00.000,0,0,13474,0,0,0.0000,0.0000,60363.5200,0.0000,0.0000,6332.7800,66696.3000
05656_7_2023_SUMMERSFSPCEREIMBURSEMENTS,2022-2023,SUMMERSFSPCEREIMBURSEMENTS,05656,"Kidz Grub, Inc.",Private Non Profit Organization,Private Nonprofit,4,3,,HARRIS,16,0,16,2023-07-01T00:00:00.000,0,0,14708,0,0,0.0000,0.0000,65891.8400,0.0000,0.0000,6912.7600,72804.6000
05656_8_2023_SUMMERSFSPCEREIMBURSEMENTS,2022-2023,SUMMERSFSPCEREIMBURSEMENTS,05656,"Kidz Grub, Inc.",Private Non Profit Organization,Private Nonprofit,4,3,,HARRIS,15,0,15,2023-08-01T00:00:00.000,0,0,11204,0,0,0.0000,0.0000,50193.9200,0.0000,0.0000,5265.8800,55459.8000
05823_6_2023_SUMMERSFSPCEREIMBURSEMENTS,2022-2023,SUMMERSFSPCEREIMBURSEMENTS,05823,Discovering Healthy Foods,Private Non Profit Organization,Private Nonprofit,4,3,,HARRIS,25,0,25,2023-06-01T00:00:00.000,2420,0,21080,18252,0,6219.4000,0.0000,94438.4000,18982.0800,0.0000,12851.8300,132491.7100
05823_7_2023_SUMMERSFSPCEREIMBURSEMENTS,2022-2023,SUMMERSFSPCEREIMBURSEMENTS,05823,Discovering Healthy Foods,Private Non Profit Organization,Private Nonprofit,4,3,,HARRIS,16,0,16,2023-07-01T00:00:00.000,1758,0,14362,12645,0,4518.0600,0.0000,64341.7600,13150.8000,0.0000,8810.6700,90821.2900
05823_8_2023_SUMMERSFSPCEREIMBURSEMENTS,2022-2023,SUMMERSFSPCEREIMBURSEMENTS,05823,Discovering Healthy Foods,Private Non Profit Organization,Private Nonprofit,4,3,,HARRIS,6,0,6,2023-08-01T00:00:00.000,0,0,4631,4631,0,0.0000,0.0000,20746.8800,4816.2400,0.0000,2767.0200,28330.1400
05920_5_2023_SUMMERSFSPCEREIMBURSEMENTS,2022-2023,SUMMERSFSPCEREIMBURSEMENTS,05920,UNIQUE PIECES INC.,Private Non Profit Organization,Private Nonprofit,10,2,,DALLAS,9,0,9,2023-05-01T00:00:00.000,116,0,1032,899,0,298.1200,0.0000,4623.3600,934.9600,0.0000,629.2400,6485.6800
05920_6_2023_SUMMERSFSPCEREIMBURSEMENTS,2022-2023,SUMMERSFSPCEREIMBURSEMENTS,05920,UNIQUE PIECES INC.,Private Non Profit Organization,Private Nonprofit,10,2,,DALLAS,20,0,20,2023-06-01T00:00:00.000,13116,0,28475,11573,0,33708.1200,0.0000,127568.0000,12035.9200,0.0000,18203.3900,191515.4300
05920_7_2023_SUMMERSFSPCEREIMBURSEMENTS,2022-2023,SUMMERSFSPCEREIMBURSEMENTS,05920,UNIQUE PIECES INC.,Private Non Profit Organization,Private Nonprofit,10,2,,DALLAS,20,0,20,2023-07-01T00:00:00.000,10109,0,26703,8741,0,25980.1300,0.0000,119629.4400,9090.6400,0.0000,16242.6900,170942.9000
05920_8_2023_SUMMERSFSPCEREIMBURSEMENTS,2022-2023,SUMMERSFSPCEREIMBURSEMENTS,05920,UNIQUE PIECES INC.,Private Non Profit Organization,Private Nonprofit,10,2,,DALLAS,17,0,17,2023-08-01T00:00:00.000,3840,0,6829,1994,0,9868.8000,0.0000,30593.9200,2073.7600,0.0000,4443.0700,46979.5500
06083_5_2023_SUMMERSFSPCEREIMBURSEMENTS,2022-2023,SUMMERSFSPCEREIMBURSEMENTS,06083,"""With Helping Hands"" serving nutritious meals",Private Non Profit Organization,Private Nonprofit,4,3,,HARRIS,6,0,6,2023-05-01T00:00:00.000,0,0,236,0,108,0.0000,0.0000,1057.2800,0.0000,483.8400,161.6800,1702.8000
06083_6_2023_SUMMERSFSPCEREIMBURSEMENTS,2022-2023,SUMMERSFSPCEREIMBURSEMENTS,06083,"""With Helping Hands"" serving nutritious meals",Private Non Profit Organization,Private Nonprofit,4,3,,HARRIS,30,0,30,2023-06-01T00:00:00.000,0,0,2042,0,12133,0.0000,0.0000,9148.1600,0.0000,54355.8400,6662.2500,70166.2500
06083_7_2023_SUMMERSFSPCEREIMBURSEMENTS,2022-2023,SUMMERSFSPCEREIMBURSEMENTS,06083,"""With Helping Hands"" serving nutritious meals",Private Non Profit Organization,Private Nonprofit,4,3,,HARRIS,31,0,31,2023-07-01T00:00:00.000,0,0,1715,0,9754,0.0000,0.0000,7683.2000,0.0000,43697.9200,5390.4300,56771.5500
06083_8_2023_SUMMERSFSPCEREIMBURSEMENTS,2022-2023,SUMMERSFSPCEREIMBURSEMENTS,06083,"""With Helping Hands"" serving nutritious meals",Private Non Profit Organization,Private Nonprofit,4,3,,HARRIS,25,0,25,2023-08-01T00:00:00.000,0,0,1179,0,8743,0.0000,0.0000,5281.9200,0.0000,39168.6400,4663.3400,49113.9000
06308_6_2023_SUMMERSFSPCEREIMBURSEMENTS,2022-2023,SUMMERSFSPCEREIMBURSEMENTS,06308,OIMZION International Global Ministries & Missions,Private Non Profit Organization,Private Nonprofit,17,1,,HALE,3,0,3,2023-06-01T00:00:00.000,0,0,79,0,335,0.0000,0.0000,353.9200,0.0000,1500.8000,194.5800,2049.3000
06308_7_2023_SUMMERSFSPCEREIMBURSEMENTS,2022-2023,SUMMERSFSPCEREIMBURSEMENTS,06308,OIMZION International Global Ministries & Missions,Private Non Profit Organization,Private Nonprofit,17,1,,HALE,3,0,3,2023-07-01T00:00:00.000,0,0,160,0,380,0.0000,0.0000,716.8000,0.0000,1702.4000,253.8000,2673.0000
06308_8_2023_SUMMERSFSPCEREIMBURSEMENTS,2022-2023,SUMMERSFSPCEREIMBURSEMENTS,06308,OIMZION International Global Ministries & Missions,Private Non Profit Organization,Private Nonprofit,17,1,,HALE,3,0,3,2023-08-01T00:00:00.000,0,0,40,0,140,0.0000,0.0000,179.2000,0.0000,627.2000,84.6000,891.0000
06317_5_2023_SUMMERSFSPCEREIMBURSEMENTS,2022-2023,SUMMERSFSPCEREIMBURSEMENTS,06317,KIDS GRAB ON THE GO,Private Non Profit Organization,Private Nonprofit,10,2,,DAWSON,7,0,7,2023-05-01T00:00:00.000,1386,0,1396,0,0,3562.0200,0.0000,6254.0800,0.0000,0.0000,1009.5500,10825.6500
06317_6_2023_SUMMERSFSPCEREIMBURSEMENTS,2022-2023,SUMMERSFSPCEREIMBURSEMENTS,06317,KIDS GRAB ON THE GO,Private Non Profit Organization,Private Nonprofit,10,2,,DAWSON,11,0,11,2023-06-01T00:00:00.000,10093,0,10361,0,0,25939.0100,0.0000,46417.2800,0.0000,0.0000,7443.3900,79799.6800
06317_7_2023_SUMMERSFSPCEREIMBURSEMENTS,2022-2023,SUMMERSFSPCEREIMBURSEMENTS,06317,KIDS GRAB ON THE GO,Private Non Profit Organization,Private Nonprofit,10,2,,DAWSON,15,0,15,2023-07-01T00:00:00.000,17723,0,17881,0,0,45548.1100,0.0000,80106.8800,0.0000,0.0000,12923.4400,138578.4300
06317_8_2023_SUMMERSFSPCEREIMBURSEMENTS,2022-2023,SUMMERSFSPCEREIMBURSEMENTS,06317,KIDS GRAB ON THE GO,Private Non Profit Organization,Private Nonprofit,10,2,,DAWSON,15,0,15,2023-08-01T00:00:00.000,6649,0,6665,0,0,17087.9300,0.0000,29859.2000,0.0000,0.0000,4828.0500,51775.1800
06458_5_2023_SUMMERSFSPCEREIMBURSEMENTS,2022-2023,SUMMERSFSPCEREIMBURSEMENTS,06458,Boys & Girls Clubs in Texas,Private Non Profit Organization,Private Nonprofit,13,4,,TRAVIS,4,0,4,2023-05-01T00:00:00.000,80,0,385,232,0,205.6000,0.0000,1724.8000,241.2800,0.0000,206.5500,2378.2300
06458_6_2023_SUMMERSFSPCEREIMBURSEMENTS,2022-2023,SUMMERSFSPCEREIMBURSEMENTS,06458,Boys & Girls Clubs in Texas,Private Non Profit Organization,Private Nonprofit,13,4,,TRAVIS,23,0,23,2023-06-01T00:00:00.000,11205,0,21408,9561,0,28796.8500,0.0000,95907.8400,9943.4400,0.0000,12308.1400,146956.2700
06458_7_2023_SUMMERSFSPCEREIMBURSEMENTS,2022-2023,SUMMERSFSPCEREIMBURSEMENTS,06458,Boys & Girls Clubs in Texas,Private Non Profit Organization,Private Nonprofit,13,4,,TRAVIS,28,0,28,2023-07-01T00:00:00.000,11013,0,21841,9496,0,28303.4100,0.0000,97847.6800,9875.8400,0.0000,12539.1600,148566.0900
06458_8_2023_SUMMERSFSPCEREIMBURSEMENTS,2022-2023,SUMMERSFSPCEREIMBURSEMENTS,06458,Boys & Girls Clubs in Texas,Private Non Profit Organization,Private Nonprofit,13,4,,TRAVIS,19,0,19,2023-08-01T00:00:00.000,2483,0,4844,1680,0,6381.3100,0.0000,21701.1200,1747.2000,0.0000,2815.3800,32645.0100
06480_6_2023_SUMMERSFSPCEREIMBURSEMENTS,2022-2023,SUMMERSFSPCEREIMBURSEMENTS,06480,South Texas Juvenile Diabetes Association,Private Non Profit Organization,Private Nonprofit,1,5,,HIDALGO,4,0,4,2023-06-01T00:00:00.000,323,0,889,0,0,830.1100,0.0000,3982.7200,0.0000,0.0000,500.2000,5313.0300
06480_7_2023_SUMMERSFSPCEREIMBURSEMENTS,2022-2023,SUMMERSFSPCEREIMBURSEMENTS,06480,South Texas Juvenile Diabetes Association,Private Non Profit Organization,Private Nonprofit,1,5,,HIDALGO,3,0,3,2023-07-01T00:00:00.000,189,0,518,0,0,485.7300,0.0000,2320.6400,0.0000,0.0000,291.6600,3098.0300
06533_6_2023_SUMMERSFSPCEREIMBURSEMENTS,2022-2023,SUMMERSFSPCEREIMBURSEMENTS,06533,THE SWEETWATER HOUSE OF PEACE,Private Non Profit Organization,Private Nonprofit,14,1,,NOLAN,1,0,1,2023-06-01T00:00:00.000,0,0,1688,0,0,0.0000,0.0000,7562.2400,0.0000,0.0000,793.3600,8355.6000
06533_7_2023_SUMMERSFSPCEREIMBURSEMENTS,2022-2023,SUMMERSFSPCEREIMBURSEMENTS,06533,THE SWEETWATER HOUSE OF PEACE,Private Non Profit Organization,Private Nonprofit,14,1,,NOLAN,1,0,1,2023-07-01T00:00:00.000,0,0,1176,0,0,0.0000,0.0000,5268.4800,0.0000,0.0000,552.7200,5821.2000
06533_8_2023_SUMMERSFSPCEREIMBURSEMENTS,2022-2023,SUMMERSFSPCEREIMBURSEMENTS,06533,THE SWEETWATER HOUSE OF PEACE,Private Non Profit Organization,Private Nonprofit,14,1,,NOLAN,1,0,1,2023-08-01T00:00:00.000,0,0,265,0,0,0.0000,0.0000,1187.2000,0.0000,0.0000,124.5500,1311.7500
06670_5_2023_SUMMERSFSPCEREIMBURSEMENTS,2022-2023,SUMMERSFSPCEREIMBURSEMENTS,06670,"Healthy Kids and Teens of South Texas, Inc.",Private Non Profit Organization,Private Nonprofit,1,5,,HIDALGO,2,0,2,2023-05-01T00:00:00.000,278,0,285,0,0,714.4600,0.0000,1276.8000,0.0000,0.0000,204.8400,2196.1000
06670_6_2023_SUMMERSFSPCEREIMBURSEMENTS,2022-2023,SUMMERSFSPCEREIMBURSEMENTS,06670,"Healthy Kids and Teens of South Texas, Inc.",Private Non Profit Organization,Private Nonprofit,1,5,,HIDALGO,11,0,11,2023-06-01T00:00:00.000,10972,0,12234,0,0,28198.0400,0.0000,54808.3200,0.0000,0.0000,8547.8400,91554.2000
06670_7_2023_SUMMERSFSPCEREIMBURSEMENTS,2022-2023,SUMMERSFSPCEREIMBURSEMENTS,06670,"Healthy Kids and Teens of South Texas, Inc.",Private Non Profit Organization,Private Nonprofit,1,5,,HIDALGO,8,0,8,2023-07-01T00:00:00.000,4998,0,6359,0,0,12844.8600,0.0000,28488.3200,0.0000,0.0000,4263.2200,45596.4000
06670_8_2023_SUMMERSFSPCEREIMBURSEMENTS,2022-2023,SUMMERSFSPCEREIMBURSEMENTS,06670,"Healthy Kids and Teens of South Texas, Inc.",Private Non Profit Organization,Private Nonprofit,1,5,,HIDALGO,5,0,5,2023-08-01T00:00:00.000,1554,0,1854,0,0,3993.7800,0.0000,8305.9200,0.0000,0.0000,1267.6500,13567.3500
06744_8_2023_SUMMERSFSPCEREIMBURSEMENTS,2022-2023,SUMMERSFSPCEREIMBURSEMENTS,06744,Circle Of Giving Community Outreach,Private Non Profit Organization,Private Nonprofit,10,2,,DALLAS,1,0,1,2023-08-01T00:00:00.000,48,0,81,0,0,123.3600,0.0000,362.8800,0.0000,0.0000,50.3100,536.5500
06928_6_2023_SUMMERSFSPCEREIMBURSEMENTS,2022-2023,SUMMERSFSPCEREIMBURSEMENTS,06928,DFW Economic Solutions,Private Non Profit Organization,Private Nonprofit,10,2,,DALLAS,1,0,1,2023-06-01T00:00:00.000,265,0,265,0,0,681.0500,0.0000,1187.2000,0.0000,0.0000,192.1300,2060.3800
06928_7_2023_SUMMERSFSPCEREIMBURSEMENTS,2022-2023,SUMMERSFSPCEREIMBURSEMENTS,06928,DFW Economic Solutions,Private Non Profit Organization,Private Nonprofit,10,2,,DALLAS,16,0,16,2023-07-01T00:00:00.000,11111,0,10989,0,0,28555.2700,0.0000,49230.7200,0.0000,0.0000,7998.1400,85784.1300
06928_8_2023_SUMMERSFSPCEREIMBURSEMENTS,2022-2023,SUMMERSFSPCEREIMBURSEMENTS,06928,DFW Economic Solutions,Private Non Profit Organization,Private Nonprofit,10,2,,DALLAS,17,0,17,2023-08-01T00:00:00.000,8214,0,8232,0,0,21109.9800,0.0000,36879.3600,0.0000,0.0000,5963.6100,63952.9500
06968_6_2023_SUMMERSFSPCEREIMBURSEMENTS,2022-2023,SUMMERSFSPCEREIMBURSEMENTS,06968,"Knowledge, Intelligence, Development, Success (KIDS) Foundation",Private Non Profit Organization,Private Nonprofit,4,3,,FORT BEND,6,0,6,2023-06-01T00:00:00.000,0,0,0,3420,3420,0.0000,0.0000,0.0000,3556.8000,15321.6000,2043.4500,20921.8500
06968_7_2023_SUMMERSFSPCEREIMBURSEMENTS,2022-2023,SUMMERSFSPCEREIMBURSEMENTS,06968,"Knowledge, Intelligence, Development, Success (KIDS) Foundation",Private Non Profit Organization,Private Nonprofit,4,3,,FORT BEND,7,0,7,2023-07-01T00:00:00.000,0,0,0,5658,12648,0.0000,0.0000,0.0000,5884.3200,56663.0400,6665.9600,69213.3200
06968_8_2023_SUMMERSFSPCEREIMBURSEMENTS,2022-2023,SUMMERSFSPCEREIMBURSEMENTS,06968,"Knowledge, Intelligence, Development, Success (KIDS) Foundation",Private Non Profit Organization,Private Nonprofit,4,3,,FORT BEND,6,0,6,2023-08-01T00:00:00.000,0,0,0,4275,4275,0.0000,0.0000,0.0000,4446.0000,19152.0000,2554.3100,26152.3100
06975_5_2023_SUMMERSFSPCEREIMBURSEMENTS,2022-2023,SUMMERSFSPCEREIMBURSEMENTS,06975,Education Potential Verified,Private Non Profit Organization,Private Nonprofit,10,2,,DALLAS,1,0,1,2023-05-01T00:00:00.000,0,0,30,70,0,0.0000,0.0000,134.4000,72.8000,0.0000,18.7000,225.9000
06975_6_2023_SUMMERSFSPCEREIMBURSEMENTS,2022-2023,SUMMERSFSPCEREIMBURSEMENTS,06975,Education Potential Verified,Private Non Profit Organization,Private Nonprofit,10,2,,DALLAS,48,0,48,2023-06-01T00:00:00.000,9131,0,24011,1408,0,23466.6700,0.0000,107569.2800,1464.3200,0.0000,11354.1200,143854.3900
06975_7_2023_SUMMERSFSPCEREIMBURSEMENTS,2022-2023,SUMMERSFSPCEREIMBURSEMENTS,06975,Education Potential Verified,Private Non Profit Organization,Private Nonprofit,10,2,,DALLAS,48,0,48,2023-07-01T00:00:00.000,7715,0,19881,1025,0,19827.5500,0.0000,89066.8800,1066.0000,0.0000,9418.3800,119378.8100
06975_8_2023_SUMMERSFSPCEREIMBURSEMENTS,2022-2023,SUMMERSFSPCEREIMBURSEMENTS,06975,Education Potential Verified,Private Non Profit Organization,Private Nonprofit,10,2,,DALLAS,38,0,38,2023-08-01T00:00:00.000,1377,0,6012,98,0,3538.8900,0.0000,26933.7600,101.9200,0.0000,2633.3200,33207.8900
07014_6_2023_SUMMERSFSPCEREIMBURSEMENTS,2022-2023,SUMMERSFSPCEREIMBURSEMENTS,07014,Vision Ministries Community Church,Private Non Profit Organization,Private Nonprofit,4,3,,HARRIS,6,0,6,2023-06-01T00:00:00.000,4068,0,4167,0,0,10454.7600,0.0000,18668.1600,0.0000,0.0000,2995.8300,32118.7500
07014_7_2023_SUMMERSFSPCEREIMBURSEMENTS,2022-2023,SUMMERSFSPCEREIMBURSEMENTS,07014,Vision Ministries Community Church,Private Non Profit Organization,Private Nonprofit,4,3,,HARRIS,6,0,6,2023-07-01T00:00:00.000,4476,0,4490,0,0,11503.3200,0.0000,20115.2000,0.0000,0.0000,3251.6800,34870.2000
07014_8_2023_SUMMERSFSPCEREIMBURSEMENTS,2022-2023,SUMMERSFSPCEREIMBURSEMENTS,07014,Vision Ministries Community Church,Private Non Profit Organization,Private Nonprofit,4,3,,HARRIS,6,0,6,2023-08-01T00:00:00.000,4208,0,4208,0,0,10814.5600,0.0000,18851.8400,0.0000,0.0000,3050.8000,32717.2000
07119_6_2023_SUMMERSFSPCEREIMBURSEMENTS,2022-2023,SUMMERSFSPCEREIMBURSEMENTS,07119,Marlin Renewal Outreach Center,Private Non Profit Organization,Private Nonprofit,12,2,,FALLS,1,0,1,2023-06-01T00:00:00.000,1398,0,1425,0,0,3592.8600,0.0000,6384.0000,0.0000,0.0000,1026.2400,11003.1000
07119_7_2023_SUMMERSFSPCEREIMBURSEMENTS,2022-2023,SUMMERSFSPCEREIMBURSEMENTS,07119,Marlin Renewal Outreach Center,Private Non Profit Organization,Private Nonprofit,12,2,,FALLS,1,0,1,2023-07-01T00:00:00.000,1439,0,1439,0,0,3698.2300,0.0000,6446.7200,0.0000,0.0000,1043.2800,11188.2300
07122_5_2023_SUMMERSFSPCEREIMBURSEMENTS,2022-2023,SUMMERSFSPCEREIMBURSEMENTS,07122,"Harvest Texarkana Regional Food Bank, Inc.",Private Non Profit Organization,Private Nonprofit,8,2,,BOWIE,2,0,2,2023-05-01T00:00:00.000,0,0,205,0,0,0.0000,0.0000,918.4000,0.0000,0.0000,89.3100,1007.7100
07122_6_2023_SUMMERSFSPCEREIMBURSEMENTS,2022-2023,SUMMERSFSPCEREIMBURSEMENTS,07122,"Harvest Texarkana Regional Food Bank, Inc.",Private Non Profit Organization,Private Nonprofit,8,2,,BOWIE,2,0,2,2023-06-01T00:00:00.000,0,0,1644,0,0,0.0000,0.0000,7365.1200,0.0000,0.0000,712.5200,8077.6400
07122_7_2023_SUMMERSFSPCEREIMBURSEMENTS,2022-2023,SUMMERSFSPCEREIMBURSEMENTS,07122,"Harvest Texarkana Regional Food Bank, Inc.",Private Non Profit Organization,Private Nonprofit,8,2,,BOWIE,2,0,2,2023-07-01T00:00:00.000,0,0,1077,0,0,0.0000,0.0000,4824.9600,0.0000,0.0000,458.1900,5283.1500
07122_8_2023_SUMMERSFSPCEREIMBURSEMENTS,2022-2023,SUMMERSFSPCEREIMBURSEMENTS,07122,"Harvest Texarkana Regional Food Bank, Inc.",Private Non Profit Organization,Private Nonprofit,8,2,,BOWIE,1,0,1,2023-08-01T00:00:00.000,0,0,300,0,0,0.0000,0.0000,1344.0000,0.0000,0.0000,117.0000,1461.0000
07141_6_2023_SUMMERSFSPCEREIMBURSEMENTS,2022-2023,SUMMERSFSPCEREIMBURSEMENTS,07141,Texas A&M University-Kingsville,Educational Institution,Nonresidential Summer Camp,2,5,,KLEBERG,,,,2023-06-01T00:00:00.000,0,0,883,0,0,0.0000,0.0000,3955.8400,0.0000,0.0000,415.0100,4370.8500
